"query","significant","p_value","term_size","query_size","intersection_size","precision","recall","term_id","source","term_name","effective_domain_size","source_order","parents"
"query_1",TRUE,1.69468419977157e-27,1512,1028,183,0.178015564202335,0.121031746031746,"GO:0007155","GO:BP","cell adhesion",20972,2585,"GO:0009987"
"query_1",TRUE,7.7909131731669e-27,298,664,78,0.117469879518072,0.261744966442953,"REAC:R-HSA-1474244","REAC","Extracellular matrix organization",11056,930,"REAC:0000000"
"query_1",TRUE,2.91064972647902e-24,1532,1028,177,0.172178988326848,0.115535248041775,"GO:0016477","GO:BP","cell migration",20972,4977,"GO:0048870"
"query_1",TRUE,5.73287548750258e-21,727,1028,106,0.103112840466926,0.145804676753783,"GO:0001568","GO:BP","blood vessel development",20972,341,"GO:0001944,GO:0048856"
"query_1",TRUE,8.10624800685553e-21,1794,1028,187,0.181906614785992,0.104236343366778,"GO:0048870","GO:BP","cell motility",20972,12260,"GO:0009987"
"query_1",TRUE,8.10624800685553e-21,758,1028,108,0.105058365758755,0.142480211081794,"GO:0001944","GO:BP","vasculature development",20972,542,"GO:0048731,GO:0072359"
"query_1",TRUE,1.01376578979354e-20,1236,1028,146,0.142023346303502,0.118122977346278,"GO:0040011","GO:BP","locomotion",20972,9265,"GO:0008150"
"query_1",TRUE,2.0321041158482e-20,2699,1028,246,0.239299610894942,0.0911448684698036,"GO:0009653","GO:BP","anatomical structure morphogenesis",20972,3414,"GO:0032502,GO:0048856"
"query_1",TRUE,6.98534175475321e-20,544,1028,87,0.0846303501945525,0.159926470588235,"GO:0030335","GO:BP","positive regulation of cell migration",20972,6340,"GO:0016477,GO:0030334,GO:2000147"
"query_1",TRUE,7.11334276076749e-20,9051,1028,596,0.579766536964981,0.0658490774500055,"GO:0050896","GO:BP","response to stimulus",20972,12476,"GO:0008150"
"query_1",TRUE,7.11334276076749e-20,944,1028,121,0.117704280155642,0.128177966101695,"GO:0030334","GO:BP","regulation of cell migration",20972,6339,"GO:0016477,GO:2000145"
"query_1",TRUE,9.73301682554453e-20,571,1028,89,0.0865758754863813,0.155866900175131,"GO:2000147","GO:BP","positive regulation of cell motility",20972,23636,"GO:0040017,GO:0048522,GO:0048870,GO:2000145"
"query_1",TRUE,4.4405837364398e-19,1135,1028,134,0.130350194552529,0.118061674008811,"GO:0072359","GO:BP","circulatory system development",20972,16197,"GO:0048731"
"query_1",TRUE,4.4405837364398e-19,1005,1028,124,0.120622568093385,0.123383084577114,"GO:2000145","GO:BP","regulation of cell motility",20972,23634,"GO:0040012,GO:0048870,GO:0050794"
"query_1",TRUE,4.66175087723219e-19,586,1028,89,0.0865758754863813,0.151877133105802,"GO:0040017","GO:BP","positive regulation of locomotion",20972,9271,"GO:0040011,GO:0040012,GO:0048518"
"query_1",TRUE,4.80363756958257e-19,632,1028,93,0.0904669260700389,0.147151898734177,"GO:0048514","GO:BP","blood vessel morphogenesis",20972,11950,"GO:0001568,GO:0035239"
"query_1",TRUE,1.25087598613864e-18,1046,1028,126,0.122568093385214,0.120458891013384,"GO:0040012","GO:BP","regulation of locomotion",20972,9266,"GO:0040011,GO:0050789"
"query_1",TRUE,8.54201575778924e-18,7337,1028,500,0.486381322957198,0.0681477443096633,"GO:0032501","GO:BP","multicellular organismal process",20972,7116,"GO:0008150"
"query_1",TRUE,8.75518841255957e-18,546,1028,83,0.080739299610895,0.152014652014652,"GO:0001525","GO:BP","angiogenesis",20972,318,"GO:0048514,GO:0048646"
"query_1",TRUE,5.59263381867469e-17,1190,1028,133,0.129377431906615,0.111764705882353,"GO:0048646","GO:BP","anatomical structure formation involved in morphogenesis",20972,12055,"GO:0009653,GO:0032502"
"query_1",TRUE,6.10597395212892e-17,877,1028,109,0.106031128404669,0.124287343215507,"GO:0035239","GO:BP","tube morphogenesis",20972,8343,"GO:0009653,GO:0035295"
"query_1",TRUE,1.48768166832185e-16,5948,1028,421,0.409533073929961,0.0707800941492939,"GO:0048856","GO:BP","anatomical structure development",20972,12247,"GO:0032502"
"query_1",TRUE,1.97631757145267e-16,6535,1028,452,0.439688715953307,0.0691660290742158,"GO:0032502","GO:BP","developmental process",20972,7117,"GO:0008150"
"query_1",TRUE,2.09755928477305e-16,3984,1028,310,0.301556420233463,0.0778112449799197,"GO:0006950","GO:BP","response to stress",20972,2451,"GO:0050896"
"query_1",TRUE,7.61469361989788e-16,1094,1028,123,0.119649805447471,0.112431444241316,"GO:0035295","GO:BP","tube development",20972,8374,"GO:0007275,GO:0048856"
"query_1",TRUE,8.39871522166443e-16,4023,1028,310,0.301556420233463,0.0770569226945066,"GO:0048731","GO:BP","system development",20972,12138,"GO:0007275,GO:0048856"
"query_1",TRUE,2.85569244884378e-15,307,1028,56,0.0544747081712062,0.182410423452769,"GO:0030198","GO:BP","extracellular matrix organization",20972,6272,"GO:0043062,GO:0045229"
"query_1",TRUE,3.20647352209221e-15,308,1028,56,0.0544747081712062,0.181818181818182,"GO:0043062","GO:BP","extracellular structure organization",20972,9846,"GO:0016043"
"query_1",TRUE,3.60269357773976e-15,309,1028,56,0.0544747081712062,0.181229773462783,"GO:0045229","GO:BP","external encapsulating structure organization",20972,10571,"GO:0016043"
"query_1",TRUE,1.84367129528507e-14,1883,1028,174,0.169260700389105,0.0924057355284121,"GO:0006952","GO:BP","defense response",20972,2452,"GO:0006950"
"query_1",TRUE,1.84392799160284e-14,89,664,32,0.0481927710843374,0.359550561797753,"REAC:R-HSA-1474290","REAC","Collagen formation",11056,403,"REAC:R-HSA-1474244"
"query_1",TRUE,3.21297065841804e-14,1123,1028,121,0.117704280155642,0.107747105966162,"GO:0001775","GO:BP","cell activation",20972,427,"GO:0009987,GO:0032501"
"query_1",TRUE,5.39736304061916e-14,2923,1028,238,0.231517509727626,0.081423195347246,"GO:0051239","GO:BP","regulation of multicellular organismal process",20972,12691,"GO:0032501,GO:0050789"
"query_1",TRUE,6.65502050589983e-14,1594,1028,153,0.148832684824903,0.0959849435382685,"GO:0002682","GO:BP","regulation of immune system process",20972,1154,"GO:0002376,GO:0050789"
"query_1",TRUE,6.71012323864328e-14,2427,1028,207,0.20136186770428,0.0852904820766378,"GO:0009605","GO:BP","response to external stimulus",20972,3376,"GO:0050896"
"query_1",TRUE,7.89541335093355e-14,2320,1028,200,0.194552529182879,0.0862068965517241,"GO:0048584","GO:BP","positive regulation of response to stimulus",20972,12006,"GO:0048518,GO:0048583,GO:0050896"
"query_1",TRUE,9.0189548185014e-14,140,664,39,0.0587349397590361,0.278571428571429,"REAC:R-HSA-1474228","REAC","Degradation of the extracellular matrix",11056,748,"REAC:R-HSA-1474244"
"query_1",TRUE,9.04553787525445e-14,154,561,42,0.0748663101604278,0.272727272727273,"KEGG:04518","KEGG","Integrin signaling",8716,327,"KEGG:00000"
"query_1",TRUE,1.03711698005811e-13,965,1028,108,0.105058365758755,0.111917098445596,"GO:0098609","GO:BP","cell-cell adhesion",20972,17570,"GO:0007155"
"query_1",TRUE,1.17295770128613e-13,2913,1028,236,0.229571984435798,0.0810161345691727,"GO:0002376","GO:BP","immune system process",20972,867,"GO:0008150"
"query_1",TRUE,2.52624110636141e-13,2834,1028,230,0.223735408560311,0.0811573747353564,"GO:0007166","GO:BP","cell surface receptor signaling pathway",20972,2596,"GO:0007165"
"query_1",TRUE,5.12369089111912e-13,60,664,25,0.0376506024096386,0.416666666666667,"REAC:R-HSA-2022090","REAC","Assembly of collagen fibrils and other multimeric structures",11056,186,"REAC:R-HSA-1474290"
"query_1",TRUE,7.25913404171107e-13,4690,1028,336,0.326848249027237,0.0716417910447761,"GO:0007275","GO:BP","multicellular organism development",20972,2666,"GO:0032501,GO:0048856"
"query_1",TRUE,7.3886640830563e-13,873,1028,99,0.0963035019455253,0.11340206185567,"GO:0006954","GO:BP","inflammatory response",20972,2454,"GO:0006952"
"query_1",TRUE,8.27091579545588e-13,84,664,29,0.0436746987951807,0.345238095238095,"REAC:R-HSA-216083","REAC","Integrin cell surface interactions",11056,1267,"REAC:R-HSA-1474244"
"query_1",TRUE,1.79336764288695e-12,89,561,30,0.053475935828877,0.337078651685393,"KEGG:04512","KEGG","ECM-receptor interaction",8716,324,"KEGG:00000"
"query_1",TRUE,2.41049869497869e-12,59,664,24,0.036144578313253,0.406779661016949,"REAC:R-HSA-3000171","REAC","Non-integrin membrane-ECM interactions",11056,1667,"REAC:R-HSA-1474244"
"query_1",TRUE,2.41049869497869e-12,76,664,27,0.0406626506024096,0.355263157894737,"REAC:R-HSA-3000178","REAC","ECM proteoglycans",11056,851,"REAC:R-HSA-1474244"
"query_1",TRUE,2.74340119733221e-12,7425,1028,480,0.46692607003891,0.0646464646464646,"GO:0051716","GO:BP","cellular response to stimulus",20972,12983,"GO:0009987,GO:0050896"
"query_1",TRUE,2.52885947876706e-11,6063,1028,404,0.392996108949416,0.0666336796965199,"GO:0007165","GO:BP","signal transduction",20972,2595,"GO:0007154,GO:0009987,GO:0023052,GO:0050794,GO:0051716"
"query_1",TRUE,4.60612583849837e-11,1962,1028,168,0.163424124513619,0.0856269113149847,"GO:0008219","GO:BP","cell death",20972,3006,"GO:0009987"
"query_1",TRUE,5.44510730233693e-11,2014,1028,171,0.166342412451362,0.0849056603773585,"GO:0009888","GO:BP","tissue development",20972,3587,"GO:0048856"
"query_1",TRUE,5.44510730233693e-11,4443,1028,314,0.305447470817121,0.0706729687148323,"GO:0030154","GO:BP","cell differentiation",20972,6252,"GO:0048869"
"query_1",TRUE,5.48377264248363e-11,4444,1028,314,0.305447470817121,0.0706570657065707,"GO:0048869","GO:BP","cellular developmental process",20972,12259,"GO:0009987,GO:0032502"
"query_1",TRUE,7.03123466505579e-11,1958,1028,167,0.162451361867704,0.085291113381001,"GO:0012501","GO:BP","programmed cell death",20972,4356,"GO:0008219"
"query_1",TRUE,8.06383808080662e-11,780,1028,87,0.0846303501945525,0.111538461538462,"GO:0030155","GO:BP","regulation of cell adhesion",20972,6253,"GO:0007155,GO:0050794"
"query_1",TRUE,1.09733714491021e-10,349,1028,52,0.0505836575875486,0.148997134670487,"GO:0031589","GO:BP","cell-substrate adhesion",20972,6771,"GO:0007155"
"query_1",TRUE,1.27978626666966e-10,233,1028,41,0.0398832684824903,0.175965665236052,"GO:0007160","GO:BP","cell-matrix adhesion",20972,2590,"GO:0031589"
"query_1",TRUE,1.37765745959876e-10,456,1028,61,0.0593385214007782,0.133771929824561,"GO:0006935","GO:BP","chemotaxis",20972,2443,"GO:0042221,GO:0042330"
"query_1",TRUE,1.52592905785552e-10,64,664,23,0.0346385542168675,0.359375,"REAC:R-HSA-1442490","REAC","Collagen degradation",11056,402,"REAC:R-HSA-1474228"
"query_1",TRUE,1.63647347124895e-10,458,1028,61,0.0593385214007782,0.133187772925764,"GO:0042330","GO:BP","taxis",20972,9447,"GO:0009605,GO:0040011"
"query_1",TRUE,1.76598557859031e-10,570,1028,70,0.0680933852140078,0.12280701754386,"GO:0009611","GO:BP","response to wounding",20972,3382,"GO:0006950"
"query_1",TRUE,2.41696635558429e-10,6558,1028,425,0.413424124513619,0.0648063433973772,"GO:0023052","GO:BP","signaling",20972,6205,"GO:0050789"
"query_1",TRUE,3.12399554031205e-10,1111,1028,109,0.106031128404669,0.0981098109810981,"GO:0002684","GO:BP","positive regulation of immune system process",20972,1156,"GO:0002376,GO:0002682,GO:0048518"
"query_1",TRUE,3.12399554031205e-10,3993,1028,285,0.277237354085603,0.0713749060856499,"GO:0048583","GO:BP","regulation of response to stimulus",20972,12005,"GO:0050789,GO:0050896"
"query_1",TRUE,4.1322816033392e-10,67,664,23,0.0346385542168675,0.343283582089552,"REAC:R-HSA-1650814","REAC","Collagen biosynthesis and modifying enzymes",11056,400,"REAC:R-HSA-1474290"
"query_1",TRUE,4.30034482804186e-10,2118,1028,174,0.169260700389105,0.0821529745042493,"GO:0006955","GO:BP","immune response",20972,2455,"GO:0002376,GO:0050896"
"query_1",TRUE,4.62417781933399e-10,233,561,46,0.0819964349376114,0.197424892703863,"KEGG:04820","KEGG","Cytoskeleton in muscle cells",8716,380,"KEGG:00000"
"query_1",TRUE,5.29736135422492e-10,202,561,42,0.0748663101604278,0.207920792079208,"KEGG:04510","KEGG","Focal adhesion",8716,323,"KEGG:00000"
"query_1",TRUE,5.9594255277306e-10,6598,1028,425,0.413424124513619,0.0644134586238254,"GO:0007154","GO:BP","cell communication",20972,2584,"GO:0009987"
"query_1",TRUE,6.94715197759241e-10,1639,1028,143,0.139105058365759,0.087248322147651,"GO:0051240","GO:BP","positive regulation of multicellular organismal process",20972,12692,"GO:0032501,GO:0048518,GO:0051239"
"query_1",TRUE,1.2439536076876e-09,1467,1028,131,0.127431906614786,0.0892978868438991,"GO:0043067","GO:BP","regulation of programmed cell death",20972,9850,"GO:0012501,GO:0050794"
"query_1",TRUE,1.34089332519076e-09,386,1028,53,0.051556420233463,0.137305699481865,"GO:0050900","GO:BP","leukocyte migration",20972,12479,"GO:0002376,GO:0016477"
"query_1",TRUE,1.39467984131906e-09,2199,1028,177,0.172178988326848,0.0804911323328786,"GO:0070887","GO:BP","cellular response to chemical stimulus",20972,15231,"GO:0042221,GO:0051716"
"query_1",TRUE,1.56788997133987e-09,118,1028,27,0.0262645914396887,0.228813559322034,"GO:0007229","GO:BP","integrin-mediated signaling pathway",20972,2644,"GO:0007166"
"query_1",TRUE,1.69285908552936e-09,1898,1028,158,0.153696498054475,0.083245521601686,"GO:0006915","GO:BP","apoptotic process",20972,2433,"GO:0012501"
"query_1",TRUE,2.04507059269173e-09,439,1028,57,0.0554474708171206,0.129840546697039,"GO:0042060","GO:BP","wound healing",20972,9312,"GO:0009611"
"query_1",TRUE,2.11959984581241e-09,1777,1028,150,0.14591439688716,0.084411930219471,"GO:0044419","GO:BP","biological process involved in interspecies interaction between organisms",20972,10288,"GO:0008150"
"query_1",TRUE,5.96000173696063e-09,6150,1028,396,0.385214007782101,0.064390243902439,"GO:0048518","GO:BP","positive regulation of biological process",20972,11952,"GO:0008150,GO:0050789"
"query_1",TRUE,9.21904405433444e-09,102,561,27,0.0481283422459893,0.264705882352941,"KEGG:05146","KEGG","Amoebiasis",8716,454,"KEGG:00000"
"query_1",TRUE,9.73956563578573e-09,2842,1028,212,0.206225680933852,0.0745953553835327,"GO:0048468","GO:BP","cell development",20972,11920,"GO:0030154,GO:0048856,GO:0048869"
"query_1",TRUE,1.04062584227459e-08,27,664,14,0.0210843373493976,0.518518518518518,"REAC:R-HSA-3000170","REAC","Syndecan interactions",11056,2464,"REAC:R-HSA-3000171"
"query_1",TRUE,1.43514749150515e-08,107,664,27,0.0406626506024096,0.252336448598131,"REAC:R-HSA-8957275","REAC","Post-translational protein phosphorylation",11056,1850,"REAC:R-HSA-597592"
"query_1",TRUE,1.63150249305419e-08,131,664,30,0.0451807228915663,0.229007633587786,"REAC:R-HSA-76005","REAC","Response to elevated platelet cytosolic Ca2+",11056,2174,"REAC:R-HSA-76002"
"query_1",TRUE,2.04524003834884e-08,3863,1028,269,0.261673151750973,0.0696349987056692,"GO:0042221","GO:BP","response to chemical",20972,9400,"GO:0050896"
"query_1",TRUE,2.25536908023437e-08,1092,1028,102,0.0992217898832685,0.0934065934065934,"GO:0032101","GO:BP","regulation of response to external stimulus",20972,6887,"GO:0009605,GO:0048583"
"query_1",TRUE,2.3071983373301e-08,5739,1028,371,0.360894941634241,0.0646454086077714,"GO:0048522","GO:BP","positive regulation of cellular process",20972,11956,"GO:0009987,GO:0048518,GO:0050794"
"query_1",TRUE,2.70565944877415e-08,126,664,29,0.0436746987951807,0.23015873015873,"REAC:R-HSA-114608","REAC","Platelet degranulation ",11056,1836,"REAC:R-HSA-76005"
"query_1",TRUE,2.72132015761752e-08,993,1028,95,0.0924124513618677,0.0956696878147029,"GO:1901652","GO:BP","response to peptide",20972,20209,"GO:0042221"
"query_1",TRUE,4.55070234735069e-08,30,664,14,0.0210843373493976,0.466666666666667,"REAC:R-HSA-3000157","REAC","Laminin interactions",11056,1355,"REAC:R-HSA-1474244"
"query_1",TRUE,4.8434122409733e-08,975,1028,93,0.0904669260700389,0.0953846153846154,"GO:0045321","GO:BP","leukocyte activation",20972,10587,"GO:0001775,GO:0002376"
"query_1",TRUE,4.8434122409733e-08,69,1028,19,0.0184824902723735,0.27536231884058,"GO:0030199","GO:BP","collagen fibril organization",20972,6273,"GO:0030198"
"query_1",TRUE,4.8749463246558e-08,228,1028,36,0.0350194552529183,0.157894736842105,"GO:0043542","GO:BP","endothelial cell migration",20972,10079,"GO:0016477"
"query_1",TRUE,7.6894447911045e-08,124,664,28,0.0421686746987952,0.225806451612903,"REAC:R-HSA-381426","REAC","Regulation of Insulin-like Growth Factor (IGF) transport and uptake by Insulin-like Growth Factor Binding Proteins (IGFBPs)",11056,2061,"REAC:R-HSA-392499"
"query_1",TRUE,8.07410862219991e-08,1426,1028,122,0.118677042801556,0.0855539971949509,"GO:0042981","GO:BP","regulation of apoptotic process",20972,9804,"GO:0006915,GO:0043067"
"query_1",TRUE,9.78468827219244e-08,71,561,21,0.0374331550802139,0.295774647887324,"KEGG:04612","KEGG","Antigen processing and presentation",8716,335,"KEGG:00000"
"query_1",TRUE,1.5481137683321e-07,1632,1028,134,0.130350194552529,0.0821078431372549,"GO:1901700","GO:BP","response to oxygen-containing compound",20972,20237,"GO:0042221"
"query_1",TRUE,1.80948691288447e-07,1961,1028,154,0.149805447470817,0.0785313615502295,"GO:0008283","GO:BP","cell population proliferation",20972,3010,"GO:0009987"
"query_1",TRUE,1.89451610131067e-07,483,1028,56,0.0544747081712062,0.115942028985507,"GO:0045785","GO:BP","positive regulation of cell adhesion",20972,10845,"GO:0007155,GO:0030155,GO:0048522"
"query_1",TRUE,1.95585393298388e-07,1639,1028,134,0.130350194552529,0.0817571690054912,"GO:0042127","GO:BP","regulation of cell population proliferation",20972,9340,"GO:0008283,GO:0050794"
"query_1",TRUE,1.97876759517999e-07,675,664,80,0.120481927710843,0.118518518518519,"REAC:R-HSA-109582","REAC","Hemostasis",11056,1168,"REAC:0000000"
"query_1",TRUE,1.97876759517999e-07,2086,664,186,0.280120481927711,0.0891658676893576,"REAC:R-HSA-168256","REAC","Immune System",11056,1219,"REAC:0000000"
"query_1",TRUE,2.08727933257125e-07,3018,1028,216,0.21011673151751,0.0715705765407555,"GO:0048513","GO:BP","animal organ development",20972,11949,"GO:0048856"
"query_1",TRUE,2.2526961458062e-07,299,1028,41,0.0398832684824903,0.137123745819398,"GO:1901342","GO:BP","regulation of vasculature development",20972,20013,"GO:0001944,GO:2000026"
"query_1",TRUE,2.44625246169881e-07,979,1028,91,0.0885214007782101,0.0929519918283963,"GO:0034097","GO:BP","response to cytokine",20972,7846,"GO:1901652"
"query_1",TRUE,2.60420477830912e-07,475,1028,55,0.0535019455252918,0.115789473684211,"GO:0002443","GO:BP","leukocyte mediated immunity",20972,924,"GO:0002252"
"query_1",TRUE,2.71658929494328e-07,1569,1028,129,0.125486381322957,0.0822179732313576,"GO:0009967","GO:BP","positive regulation of signal transduction",20972,3644,"GO:0007165,GO:0009966,GO:0010647,GO:0023056,GO:0048584"
"query_1",TRUE,2.87928127949689e-07,102,1028,22,0.0214007782101167,0.215686274509804,"GO:0032963","GO:BP","collagen metabolic process",20972,7434,"GO:0008152"
"query_1",TRUE,2.87928127949689e-07,169,1028,29,0.0282101167315175,0.171597633136095,"GO:0010594","GO:BP","regulation of endothelial cell migration",20972,4056,"GO:0030334,GO:0043542"
"query_1",TRUE,2.92463829125265e-07,1652,1028,134,0.130350194552529,0.0811138014527845,"GO:0009607","GO:BP","response to biotic stimulus",20972,3378,"GO:0050896"
"query_1",TRUE,3.2067443797929e-07,710,1028,72,0.0700389105058366,0.101408450704225,"GO:0002252","GO:BP","immune effector process",20972,761,"GO:0002376"
"query_1",TRUE,3.26197122745479e-07,627,1028,66,0.0642023346303502,0.105263157894737,"GO:0050865","GO:BP","regulation of cell activation",20972,12450,"GO:0001775,GO:0050794,GO:0051239"
"query_1",TRUE,3.26197122745479e-07,292,1028,40,0.0389105058365759,0.136986301369863,"GO:0045765","GO:BP","regulation of angiogenesis",20972,10829,"GO:0001525,GO:0022603,GO:1901342"
"query_1",TRUE,3.27219687984703e-07,377,1028,47,0.0457198443579767,0.124668435013263,"GO:0002449","GO:BP","lymphocyte mediated immunity",20972,930,"GO:0002443"
"query_1",TRUE,3.32173030469904e-07,41,1028,14,0.0136186770428016,0.341463414634146,"GO:0085029","GO:BP","extracellular matrix assembly",20972,16689,"GO:0022607,GO:0030198"
"query_1",TRUE,3.47133787583925e-07,1610,1028,131,0.127431906614786,0.0813664596273292,"GO:0051707","GO:BP","response to other organism",20972,12978,"GO:0043207,GO:0044419"
"query_1",TRUE,3.62105918295652e-07,151,1028,27,0.0262645914396887,0.178807947019868,"GO:0002687","GO:BP","positive regulation of leukocyte migration",20972,1159,"GO:0002684,GO:0002685,GO:0030335,GO:0050900"
"query_1",TRUE,3.77069485965458e-07,1613,1028,131,0.127431906614786,0.0812151270923745,"GO:0043207","GO:BP","response to external biotic stimulus",20972,9908,"GO:0009605,GO:0009607"
"query_1",TRUE,3.77069485965458e-07,887,1028,84,0.0817120622568093,0.0947012401352875,"GO:0043069","GO:BP","negative regulation of programmed cell death",20972,9852,"GO:0012501,GO:0043067,GO:0048523"
"query_1",TRUE,3.77201997300195e-07,829,1028,80,0.0778210116731518,0.0965018094089264,"GO:0034330","GO:BP","cell junction organization",20972,7999,"GO:0016043"
"query_1",TRUE,4.6920071605115e-07,30,664,13,0.019578313253012,0.433333333333333,"REAC:R-HSA-8874081","REAC","MET activates PTK2 signaling",11056,1417,"REAC:R-HSA-8875878"
"query_1",TRUE,7.46385707289059e-07,97,664,23,0.0346385542168675,0.237113402061856,"REAC:R-HSA-2173782","REAC","Binding and Uptake of Ligands by Scavenger Receptors",11056,233,"REAC:R-HSA-5653656"
"query_1",TRUE,7.58170085558209e-07,2431,1028,179,0.174124513618677,0.0736322501028383,"GO:0050793","GO:BP","regulation of developmental process",20972,12400,"GO:0032502,GO:0050789"
"query_1",TRUE,7.88182408045246e-07,167,1028,28,0.0272373540856031,0.167664670658683,"GO:1904018","GO:BP","positive regulation of vasculature development",20972,21809,"GO:0001944,GO:0051094,GO:0051240,GO:1901342"
"query_1",TRUE,8.12870517714427e-07,339,1028,43,0.0418287937743191,0.126843657817109,"GO:0070661","GO:BP","leukocyte proliferation",20972,15119,"GO:0008283"
"query_1",TRUE,8.38193363888898e-07,315,1028,41,0.0398832684824903,0.13015873015873,"GO:0060326","GO:BP","cell chemotaxis",20972,13548,"GO:0006935,GO:0016477,GO:0070887"
"query_1",TRUE,8.52450788852731e-07,816,1028,78,0.075875486381323,0.0955882352941176,"GO:0030029","GO:BP","actin filament-based process",20972,6218,"GO:0009987"
"query_1",TRUE,9.87001652718095e-07,317,1028,41,0.0398832684824903,0.129337539432177,"GO:0070482","GO:BP","response to oxygen levels",20972,15030,"GO:0009628"
"query_1",TRUE,1.12578333067167e-06,970,1028,88,0.0856031128404669,0.0907216494845361,"GO:0050776","GO:BP","regulation of immune response",20972,12391,"GO:0002682,GO:0006955,GO:0048583"
"query_1",TRUE,1.13740837990185e-06,822,1028,78,0.075875486381323,0.0948905109489051,"GO:0022603","GO:BP","regulation of anatomical structure morphogenesis",20972,6176,"GO:0009653,GO:0050793"
"query_1",TRUE,1.26229813635848e-06,1779,1028,139,0.135214007782101,0.0781337830241709,"GO:0023056","GO:BP","positive regulation of signaling",20972,6206,"GO:0023051,GO:0023052,GO:0048518"
"query_1",TRUE,1.33341002553633e-06,68,1028,17,0.0165369649805447,0.25,"GO:0048002","GO:BP","antigen processing and presentation of peptide antigen",20972,11616,"GO:0019882"
"query_1",TRUE,1.41839026753828e-06,44,664,15,0.0225903614457831,0.340909090909091,"REAC:R-HSA-8948216","REAC","Collagen chain trimerization",11056,401,"REAC:R-HSA-1650814"
"query_1",TRUE,1.71516818779008e-06,163,1028,27,0.0262645914396887,0.165644171779141,"GO:0045766","GO:BP","positive regulation of angiogenesis",20972,10830,"GO:0001525,GO:0045765,GO:1904018"
"query_1",TRUE,1.9098591397876e-06,1628,1028,129,0.125486381322957,0.0792383292383292,"GO:0030030","GO:BP","cell projection organization",20972,6219,"GO:0016043"
"query_1",TRUE,1.93892724455717e-06,1467,1028,119,0.115758754863813,0.0811179277436946,"GO:0009719","GO:BP","response to endogenous stimulus",20972,3457,"GO:0050896"
"query_1",TRUE,2.02589725636137e-06,389,1028,46,0.0447470817120623,0.118251928020566,"GO:0002460","GO:BP","adaptive immune response based on somatic recombination of immune receptors built from immunoglobulin superfamily domains",20972,941,"GO:0002250"
"query_1",TRUE,2.0342138670401e-06,1778,1028,138,0.134241245136187,0.077615298087739,"GO:0010647","GO:BP","positive regulation of cell communication",20972,4106,"GO:0007154,GO:0010646,GO:0048522"
"query_1",TRUE,2.03444439809941e-06,1582,1028,126,0.122568093385214,0.079646017699115,"GO:0120036","GO:BP","plasma membrane bounded cell projection organization",20972,18205,"GO:0030030"
"query_1",TRUE,2.11343785437143e-06,290,1028,38,0.0369649805447471,0.131034482758621,"GO:0036293","GO:BP","response to decreased oxygen levels",20972,8921,"GO:0070482"
"query_1",TRUE,2.28504246677353e-06,3031,1028,211,0.205252918287938,0.06961398878258,"GO:0009966","GO:BP","regulation of signal transduction",20972,3643,"GO:0007165,GO:0010646,GO:0023051,GO:0048583"
"query_1",TRUE,2.34684496510766e-06,1866,1028,143,0.139105058365759,0.0766345123258307,"GO:0141124","GO:BP","intracellular signaling cassette",20972,18783,"GO:0035556"
"query_1",TRUE,2.57634475483696e-06,581,1028,60,0.0583657587548638,0.103270223752151,"GO:0002253","GO:BP","activation of immune response",20972,762,"GO:0002376,GO:0050778"
"query_1",TRUE,2.70386963546857e-06,856,1028,79,0.0768482490272374,0.0922897196261682,"GO:0043066","GO:BP","negative regulation of apoptotic process",20972,9849,"GO:0006915,GO:0042981,GO:0043069"
"query_1",TRUE,2.757780280909e-06,40,664,14,0.0210843373493976,0.35,"REAC:R-HSA-8875878","REAC","MET promotes cell motility",11056,1423,"REAC:R-HSA-6806834"
"query_1",TRUE,2.79560981309303e-06,343,1028,42,0.0408560311284047,0.122448979591837,"GO:0002768","GO:BP","immune response-regulating cell surface receptor signaling pathway",20972,1233,"GO:0002764,GO:0007166"
"query_1",TRUE,3.22100380100898e-06,3473,1028,235,0.228599221789883,0.0676648430751512,"GO:0023051","GO:BP","regulation of signaling",20972,6204,"GO:0023052,GO:0050789"
"query_1",TRUE,3.39373229834593e-06,118,1028,22,0.0214007782101167,0.186440677966102,"GO:0019882","GO:BP","antigen processing and presentation",20972,5654,"GO:0002376"
"query_1",TRUE,3.81384208484164e-06,149,1028,25,0.0243190661478599,0.167785234899329,"GO:0002705","GO:BP","positive regulation of leukocyte mediated immunity",20972,1177,"GO:0002443,GO:0002699,GO:0002703"
"query_1",TRUE,3.86587204991457e-06,645,1028,64,0.0622568093385214,0.0992248062015504,"GO:0032103","GO:BP","positive regulation of response to external stimulus",20972,6889,"GO:0009605,GO:0032101,GO:0048584"
"query_1",TRUE,5.03977019745708e-06,103,561,23,0.0409982174688057,0.223300970873786,"KEGG:04974","KEGG","Protein digestion and absorption",8716,419,"KEGG:00000"
"query_1",TRUE,5.0664546601783e-06,313,1028,39,0.0379377431906615,0.124600638977636,"GO:0002429","GO:BP","immune response-activating cell surface receptor signaling pathway",20972,911,"GO:0002757,GO:0002768"
"query_1",TRUE,5.63789733113933e-06,3480,1028,234,0.227626459143969,0.0672413793103448,"GO:0010646","GO:BP","regulation of cell communication",20972,4105,"GO:0007154,GO:0050794"
"query_1",TRUE,5.90273588719927e-06,278,1028,36,0.0350194552529183,0.129496402877698,"GO:0001666","GO:BP","response to hypoxia",20972,364,"GO:0006950,GO:0036293"
"query_1",TRUE,6.34910715425919e-06,2427,1028,174,0.169260700389105,0.0716934487021014,"GO:0051128","GO:BP","regulation of cellular component organization",20972,12627,"GO:0016043,GO:0050794"
"query_1",TRUE,6.54677195686091e-06,891,1028,80,0.0778210116731518,0.0897867564534231,"GO:0071345","GO:BP","cellular response to cytokine stimulus",20972,15461,"GO:0034097"
"query_1",TRUE,7.63851205765967e-06,716,1028,68,0.066147859922179,0.0949720670391061,"GO:0030036","GO:BP","actin cytoskeleton organization",20972,6225,"GO:0007010,GO:0030029"
"query_1",TRUE,7.66113394214742e-06,775,1028,72,0.0700389105058366,0.0929032258064516,"GO:0050778","GO:BP","positive regulation of immune response",20972,12393,"GO:0002684,GO:0006955,GO:0048584,GO:0050776"
"query_1",TRUE,8.0275127307243e-06,182,664,31,0.0466867469879518,0.17032967032967,"REAC:R-HSA-198933","REAC","Immunoregulatory interactions between a Lymphoid and a non-Lymphoid cell",11056,1220,"REAC:R-HSA-1280218"
"query_1",TRUE,8.09328274492712e-06,38,1028,12,0.0116731517509728,0.31578947368421,"GO:0002478","GO:BP","antigen processing and presentation of exogenous peptide antigen",20972,959,"GO:0019884,GO:0048002"
"query_1",TRUE,8.27689889800629e-06,246,1028,33,0.0321011673151751,0.134146341463415,"GO:0050817","GO:BP","coagulation",20972,12417,"GO:0032501"
"query_1",TRUE,8.65471417868303e-06,20,1028,9,0.00875486381322957,0.45,"GO:2001044","GO:BP","regulation of integrin-mediated signaling pathway",20972,24351,"GO:0007229,GO:0009966"
"query_1",TRUE,9.01900060347805e-06,178,1028,27,0.0262645914396887,0.151685393258427,"GO:0048771","GO:BP","tissue remodeling",20972,12170,"GO:0032501"
"query_1",TRUE,9.22405318864018e-06,149,561,28,0.0499108734402852,0.187919463087248,"KEGG:04145","KEGG","Phagosome",8716,290,"KEGG:00000"
"query_1",TRUE,9.29909249823742e-06,1100,1028,93,0.0904669260700389,0.0845454545454545,"GO:0140546","GO:BP","defense response to symbiont",20972,18576,"GO:0098542"
"query_1",TRUE,9.97398829391956e-06,811,1028,74,0.0719844357976654,0.0912453760789149,"GO:0046649","GO:BP","lymphocyte activation",20972,11448,"GO:0045321"
"query_1",TRUE,1.04943732974327e-05,694,1028,66,0.0642023346303502,0.0951008645533141,"GO:0006897","GO:BP","endocytosis",20972,2420,"GO:0016192,GO:0098657"
"query_1",TRUE,1.11694320803445e-05,1121,1028,94,0.0914396887159533,0.0838537020517395,"GO:0098542","GO:BP","defense response to other organism",20972,17559,"GO:0006952,GO:0051707"
"query_1",TRUE,1.11694320803445e-05,1392,1028,111,0.107976653696498,0.0797413793103448,"GO:2000026","GO:BP","regulation of multicellular organismal development",20972,23538,"GO:0007275,GO:0050793,GO:0051239"
"query_1",TRUE,1.11694320803445e-05,226,1028,31,0.0301556420233463,0.13716814159292,"GO:0002685","GO:BP","regulation of leukocyte migration",20972,1157,"GO:0002682,GO:0030334,GO:0050900"
"query_1",TRUE,1.13130605180365e-05,595,1028,59,0.0573929961089494,0.0991596638655462,"GO:0003013","GO:BP","circulatory system process",20972,1415,"GO:0003008"
"query_1",TRUE,1.15318466018518e-05,93,561,21,0.0374331550802139,0.225806451612903,"KEGG:04640","KEGG","Hematopoietic cell lineage",8716,346,"KEGG:00000"
"query_1",TRUE,1.21677922116459e-05,227,1028,31,0.0301556420233463,0.136563876651982,"GO:0030595","GO:BP","leukocyte chemotaxis",20972,6417,"GO:0050900,GO:0060326"
"query_1",TRUE,1.21745164836057e-05,1108,1028,93,0.0904669260700389,0.0839350180505415,"GO:1902533","GO:BP","positive regulation of intracellular signal transduction",20972,20816,"GO:0009967,GO:0035556,GO:1902531"
"query_1",TRUE,1.21795089201881e-05,138,1028,23,0.0223735408560311,0.166666666666667,"GO:0030168","GO:BP","platelet activation",20972,6260,"GO:0001775,GO:0007596"
"query_1",TRUE,1.23614522650018e-05,297,561,43,0.0766488413547237,0.144781144781145,"KEGG:04517","KEGG","IgSF CAM signaling",8716,326,"KEGG:00000"
"query_1",TRUE,1.46520425087716e-05,241,1028,32,0.0311284046692607,0.132780082987552,"GO:0007596","GO:BP","blood coagulation",20972,2915,"GO:0007599,GO:0042060,GO:0050817"
"query_1",TRUE,1.48090330299779e-05,572,1028,57,0.0554474708171206,0.0996503496503496,"GO:0002694","GO:BP","regulation of leukocyte activation",20972,1166,"GO:0002682,GO:0045321,GO:0050865"
"query_1",TRUE,1.48090330299779e-05,761,1028,70,0.0680933852140078,0.0919842312746386,"GO:0002250","GO:BP","adaptive immune response",20972,759,"GO:0006955"
"query_1",TRUE,1.58590733740591e-05,1102,664,107,0.161144578313253,0.0970961887477314,"REAC:R-HSA-168249","REAC","Innate Immune System",11056,1254,"REAC:R-HSA-168256"
"query_1",TRUE,1.78593770551636e-05,2963,1028,202,0.196498054474708,0.0681741478231522,"GO:0065008","GO:BP","regulation of biological quality",20972,14785,"GO:0065007"
"query_1",TRUE,1.88668462977908e-05,101,1028,19,0.0184824902723735,0.188118811881188,"GO:0034109","GO:BP","homotypic cell-cell adhesion",20972,7855,"GO:0098609"
"query_1",TRUE,1.99987365736679e-05,65,1028,15,0.014591439688716,0.230769230769231,"GO:0001912","GO:BP","positive regulation of leukocyte mediated cytotoxicity",20972,516,"GO:0001909,GO:0001910,GO:0002705,GO:0031343"
"query_1",TRUE,2.00385567254245e-05,904,1028,79,0.0768482490272374,0.0873893805309734,"GO:0009725","GO:BP","response to hormone",20972,3463,"GO:0009719,GO:0042221"
"query_1",TRUE,2.05989911822036e-05,1234,1028,100,0.0972762645914397,0.0810372771474878,"GO:0060429","GO:BP","epithelium development",20972,13632,"GO:0009888"
"query_1",TRUE,2.13585666481864e-05,1108,1028,92,0.0894941634241245,0.0830324909747292,"GO:0009628","GO:BP","response to abiotic stimulus",20972,3392,"GO:0050896"
"query_1",TRUE,2.26369894240331e-05,154,1028,24,0.0233463035019455,0.155844155844156,"GO:0001935","GO:BP","endothelial cell proliferation",20972,536,"GO:0050673"
"query_1",TRUE,2.34718368268293e-05,93,1028,18,0.0175097276264591,0.193548387096774,"GO:0007044","GO:BP","cell-substrate junction assembly",20972,2515,"GO:0034329,GO:0150115"
"query_1",TRUE,2.39029585764559e-05,223,1028,30,0.0291828793774319,0.134529147982063,"GO:0071674","GO:BP","mononuclear cell migration",20972,15706,"GO:0050900"
"query_1",TRUE,2.46152908282406e-05,1018,1028,86,0.0836575875486381,0.0844793713163065,"GO:0045087","GO:BP","innate immune response",20972,10511,"GO:0006955,GO:0140546"
"query_1",TRUE,2.57697609012785e-05,248,1028,32,0.0311284046692607,0.129032258064516,"GO:0007599","GO:BP","hemostasis",20972,2918,"GO:0050878"
"query_1",TRUE,2.65403816374303e-05,1194,1028,97,0.0943579766536965,0.0812395309882747,"GO:1901701","GO:BP","cellular response to oxygen-containing compound",20972,20238,"GO:0070887,GO:1901700"
"query_1",TRUE,2.66836671122968e-05,513,1028,52,0.0505836575875486,0.101364522417154,"GO:0061564","GO:BP","axon development",20972,14471,"GO:0031175"
"query_1",TRUE,2.66836671122968e-05,94,1028,18,0.0175097276264591,0.191489361702128,"GO:0001910","GO:BP","regulation of leukocyte mediated cytotoxicity",20972,514,"GO:0001909,GO:0002703,GO:0031341"
"query_1",TRUE,2.69008509407217e-05,145,1028,23,0.0223735408560311,0.158620689655172,"GO:0001909","GO:BP","leukocyte mediated cytotoxicity",20972,513,"GO:0001906,GO:0002443"
"query_1",TRUE,2.93606574385835e-05,43,1028,12,0.0116731517509728,0.27906976744186,"GO:0043277","GO:BP","apoptotic cell clearance",20972,9929,"GO:0006909"
"query_1",TRUE,3.29117787196405e-05,136,1028,22,0.0214007782101167,0.161764705882353,"GO:0002040","GO:BP","sprouting angiogenesis",20972,623,"GO:0001525"
"query_1",TRUE,3.31490480928721e-05,227,1028,30,0.0291828793774319,0.13215859030837,"GO:0097529","GO:BP","myeloid leukocyte migration",20972,17462,"GO:0050900"
"query_1",TRUE,3.36800798058211e-05,68,1028,15,0.014591439688716,0.220588235294118,"GO:0031343","GO:BP","positive regulation of cell killing",20972,6678,"GO:0001906,GO:0031341,GO:0048522"
"query_1",TRUE,3.38321121343565e-05,264,1028,33,0.0321011673151751,0.125,"GO:0006898","GO:BP","receptor-mediated endocytosis",20972,2421,"GO:0006897"
"query_1",TRUE,3.41281109532494e-05,302,1028,36,0.0350194552529183,0.119205298013245,"GO:0032943","GO:BP","mononuclear cell proliferation",20972,7416,"GO:0070661"
"query_1",TRUE,3.41281109532494e-05,252,1028,32,0.0311284046692607,0.126984126984127,"GO:0002703","GO:BP","regulation of leukocyte mediated immunity",20972,1175,"GO:0002443,GO:0002697"
"query_1",TRUE,3.41281109532494e-05,1091,1028,90,0.0875486381322957,0.0824931255728689,"GO:0051241","GO:BP","negative regulation of multicellular organismal process",20972,12693,"GO:0032501,GO:0048519,GO:0051239"
"query_1",TRUE,3.41281109532494e-05,315,1028,37,0.0359922178988327,0.117460317460317,"GO:0007249","GO:BP","canonical NF-kappaB signal transduction",20972,2648,"GO:0141124"
"query_1",TRUE,3.82994920165711e-05,42,664,13,0.019578313253012,0.30952380952381,"REAC:R-HSA-419037","REAC","NCAM1 interactions",11056,1577,"REAC:R-HSA-375165"
"query_1",TRUE,4.12545181099862e-05,107,1028,19,0.0184824902723735,0.177570093457944,"GO:0060840","GO:BP","artery development",20972,13942,"GO:0001568"
"query_1",TRUE,4.36387240265636e-05,128,1028,21,0.0204280155642023,0.1640625,"GO:0001704","GO:BP","formation of primary germ layer",20972,383,"GO:0007369,GO:0048646"
"query_1",TRUE,4.40617710468162e-05,259,664,37,0.0557228915662651,0.142857142857143,"REAC:R-HSA-76002","REAC","Platelet activation, signaling and aggregation",11056,1834,"REAC:R-HSA-109582"
"query_1",TRUE,4.48195921716043e-05,61,1028,14,0.0136186770428016,0.229508196721311,"GO:0034113","GO:BP","heterotypic cell-cell adhesion",20972,7859,"GO:0098609"
"query_1",TRUE,4.52834930230321e-05,880,1028,76,0.0739299610894942,0.0863636363636364,"GO:0033993","GO:BP","response to lipid",20972,7811,"GO:0042221"
"query_1",TRUE,4.8905017639468e-05,129,1028,21,0.0204280155642023,0.162790697674419,"GO:0002708","GO:BP","positive regulation of lymphocyte mediated immunity",20972,1180,"GO:0002449,GO:0002705,GO:0002706"
"query_1",TRUE,5.1438609187569e-05,89,1028,17,0.0165369649805447,0.191011235955056,"GO:0033627","GO:BP","cell adhesion mediated by integrin",20972,7771,"GO:0007155"
"query_1",TRUE,5.22823711456215e-05,374,1028,41,0.0398832684824903,0.109625668449198,"GO:0050878","GO:BP","regulation of body fluid levels",20972,12460,"GO:0065008"
"query_1",TRUE,5.22823711456215e-05,38,1028,11,0.0107003891050584,0.289473684210526,"GO:0006958","GO:BP","complement activation, classical pathway",20972,2458,"GO:0002455,GO:0006956"
"query_1",TRUE,5.44370737804319e-05,130,1028,21,0.0204280155642023,0.161538461538462,"GO:0001936","GO:BP","regulation of endothelial cell proliferation",20972,537,"GO:0001935,GO:0050678"
"query_1",TRUE,5.59067871457772e-05,141,1028,22,0.0214007782101167,0.156028368794326,"GO:0050921","GO:BP","positive regulation of chemotaxis",20972,12500,"GO:0006935,GO:0032103,GO:0040017,GO:0050920"
"query_1",TRUE,6.08639937253769e-05,100,1028,18,0.0175097276264591,0.18,"GO:0150115","GO:BP","cell-substrate junction organization",20972,18893,"GO:0034330"
"query_1",TRUE,6.23108644341065e-05,235,1028,30,0.0291828793774319,0.127659574468085,"GO:0097485","GO:BP","neuron projection guidance",20972,17447,"GO:0031175,GO:0048812"
"query_1",TRUE,6.42303771235609e-05,63,1028,14,0.0136186770428016,0.222222222222222,"GO:0038065","GO:BP","collagen-activated signaling pathway",20972,9058,"GO:0007166"
"query_1",TRUE,6.49363041846723e-05,121,1028,20,0.0194552529182879,0.165289256198347,"GO:0043534","GO:BP","blood vessel endothelial cell migration",20972,10075,"GO:0043542"
"query_1",TRUE,6.58058489166365e-05,516,664,59,0.088855421686747,0.114341085271318,"REAC:R-HSA-9006934","REAC","Signaling by Receptor Tyrosine Kinases",11056,2399,"REAC:R-HSA-162582"
"query_1",TRUE,6.68458452677523e-05,1000,1028,83,0.080739299610895,0.083,"GO:0009887","GO:BP","animal organ morphogenesis",20972,3586,"GO:0009653,GO:0048513"
"query_1",TRUE,6.69090886143418e-05,1305,1028,102,0.0992217898832685,0.0781609195402299,"GO:0051094","GO:BP","positive regulation of developmental process",20972,12612,"GO:0032502,GO:0048518,GO:0050793"
"query_1",TRUE,6.81502928219613e-05,212,1028,28,0.0272373540856031,0.132075471698113,"GO:0010810","GO:BP","regulation of cell-substrate adhesion",20972,4216,"GO:0030155,GO:0031589"
"query_1",TRUE,6.97261977999818e-05,55,1028,13,0.0126459143968872,0.236363636363636,"GO:0002715","GO:BP","regulation of natural killer cell mediated immunity",20972,1187,"GO:0002228,GO:0002706,GO:0045088"
"query_1",TRUE,7.15620573897745e-05,47,1028,12,0.0116731517509728,0.25531914893617,"GO:0019884","GO:BP","antigen processing and presentation of exogenous antigen",20972,5656,"GO:0019882"
"query_1",TRUE,7.29314184279192e-05,2570,664,206,0.310240963855422,0.0801556420233463,"REAC:R-HSA-162582","REAC","Signal Transduction",11056,2309,"REAC:0000000"
"query_1",TRUE,7.95864692593265e-05,38,561,12,0.0213903743315508,0.31578947368421,"KEGG:05332","KEGG","Graft-versus-host disease",8716,503,"KEGG:00000"
"query_1",TRUE,7.96693235792529e-05,190,1028,26,0.0252918287937743,0.136842105263158,"GO:0044403","GO:BP","biological process involved in symbiotic interaction",20972,10282,"GO:0044419"
"query_1",TRUE,7.99470994940487e-05,395,1028,42,0.0408560311284047,0.106329113924051,"GO:0002697","GO:BP","regulation of immune effector process",20972,1169,"GO:0002252,GO:0002682"
"query_1",TRUE,8.200712912998e-05,493,1028,49,0.0476653696498054,0.0993914807302231,"GO:0022407","GO:BP","regulation of cell-cell adhesion",20972,6164,"GO:0030155,GO:0098609"
"query_1",TRUE,8.36211660039627e-05,134,1028,21,0.0204280155642023,0.156716417910448,"GO:0003158","GO:BP","endothelium development",20972,1531,"GO:0060429"
"query_1",TRUE,8.80411160188379e-05,10,1028,6,0.00583657587548638,0.6,"GO:2000425","GO:BP","regulation of apoptotic cell clearance",20972,23860,"GO:0043277,GO:0050764"
"query_1",TRUE,8.81695642215953e-05,581,1028,55,0.0535019455252918,0.0946643717728055,"GO:0042110","GO:BP","T cell activation",20972,9331,"GO:0046649"
"query_1",TRUE,9.03414556061796e-05,124,1028,20,0.0194552529182879,0.161290322580645,"GO:0034341","GO:BP","response to type II interferon",20972,8006,"GO:0034097,GO:0045087"
"query_1",TRUE,9.50875095153964e-05,612,1028,57,0.0554474708171206,0.0931372549019608,"GO:0048729","GO:BP","tissue morphogenesis",20972,12136,"GO:0009653,GO:0009888"
"query_1",TRUE,9.82685670066078e-05,511,1028,50,0.0486381322957198,0.0978473581213307,"GO:0008015","GO:BP","blood circulation",20972,2956,"GO:0003013"
"query_1",TRUE,9.96217628407336e-05,628,1028,58,0.056420233463035,0.0923566878980892,"GO:0002521","GO:BP","leukocyte differentiation",20972,1001,"GO:0030097,GO:0030154"
"query_1",TRUE,9.96217628407336e-05,104,1028,18,0.0175097276264591,0.173076923076923,"GO:0031341","GO:BP","regulation of cell killing",20972,6676,"GO:0001906,GO:0050794"
"query_1",TRUE,0.000101292799133926,193,1028,26,0.0252918287937743,0.134715025906736,"GO:0002706","GO:BP","regulation of lymphocyte mediated immunity",20972,1178,"GO:0002449,GO:0002703"
"query_1",TRUE,0.000104792901884917,998,1028,82,0.0797665369649805,0.0821643286573146,"GO:0000902","GO:BP","cell morphogenesis",20972,230,"GO:0009653"
"query_1",TRUE,0.000107488521864303,49,1028,12,0.0116731517509728,0.244897959183673,"GO:0042269","GO:BP","regulation of natural killer cell mediated cytotoxicity",20972,9418,"GO:0001910,GO:0002715,GO:0042267"
"query_1",TRUE,0.0001099636941046,1945,1028,139,0.135214007782101,0.07146529562982,"GO:1902531","GO:BP","regulation of intracellular signal transduction",20972,20814,"GO:0009966,GO:0035556"
"query_1",TRUE,0.000117204191307656,269,1028,32,0.0311284046692607,0.118959107806691,"GO:0070663","GO:BP","regulation of leukocyte proliferation",20972,15121,"GO:0042127,GO:0070661"
"query_1",TRUE,0.000117204191307656,34,1028,10,0.00972762645914397,0.294117647058824,"GO:0071711","GO:BP","basement membrane organization",20972,15734,"GO:0030198"
"query_1",TRUE,0.000118187208284079,923,1028,77,0.0749027237354086,0.0834236186348862,"GO:0008284","GO:BP","positive regulation of cell population proliferation",20972,3011,"GO:0008283,GO:0042127,GO:0048522"
"query_1",TRUE,0.000118187208284079,295,1028,34,0.0330739299610895,0.115254237288136,"GO:0046651","GO:BP","lymphocyte proliferation",20972,11449,"GO:0032943,GO:0046649"
"query_1",TRUE,0.000118396952542297,501,1028,49,0.0476653696498054,0.0978043912175649,"GO:0002009","GO:BP","morphogenesis of an epithelium",20972,596,"GO:0048729,GO:0060429"
"query_1",TRUE,0.000120581116667072,971,1028,80,0.0778210116731518,0.082389289392379,"GO:0030097","GO:BP","hemopoiesis",20972,6240,"GO:0048468"
"query_1",TRUE,0.00012574930492548,86,1028,16,0.0155642023346304,0.186046511627907,"GO:0002228","GO:BP","natural killer cell mediated immunity",20972,739,"GO:0002449,GO:0045087"
"query_1",TRUE,0.000127229147216608,96,1028,17,0.0165369649805447,0.177083333333333,"GO:0071677","GO:BP","positive regulation of mononuclear cell migration",20972,15709,"GO:0002687,GO:0071674,GO:0071675"
"query_1",TRUE,0.000131841207726572,54,664,14,0.0210843373493976,0.259259259259259,"REAC:R-HSA-186797","REAC","Signaling by PDGF",11056,2388,"REAC:R-HSA-9006934"
"query_1",TRUE,0.000132512678255547,958,1028,79,0.0768482490272374,0.0824634655532359,"GO:0098657","GO:BP","import into cell",20972,17578,"GO:0006810"
"query_1",TRUE,0.000135627070711178,818,1028,70,0.0680933852140078,0.0855745721271394,"GO:0051050","GO:BP","positive regulation of transport",20972,12589,"GO:0006810,GO:0048518,GO:0051049"
"query_1",TRUE,0.000140393738238826,107,1028,18,0.0175097276264591,0.168224299065421,"GO:0010595","GO:BP","positive regulation of endothelial cell migration",20972,4057,"GO:0010594,GO:0030335,GO:0043542"
"query_1",TRUE,0.000140893238639793,234,1028,29,0.0282101167315175,0.123931623931624,"GO:0007411","GO:BP","axon guidance",20972,2770,"GO:0007409,GO:0097485"
"query_1",TRUE,0.000140893238639793,59,1028,13,0.0126459143968872,0.220338983050847,"GO:0038063","GO:BP","collagen-activated tyrosine kinase receptor signaling pathway",20972,9057,"GO:0007169,GO:0038065"
"query_1",TRUE,0.000144861913017156,2963,1028,196,0.190661478599222,0.0661491731353358,"GO:0035556","GO:BP","intracellular signal transduction",20972,8505,"GO:0007165"
"query_1",TRUE,0.000148825594896065,506,1028,49,0.0476653696498054,0.0968379446640316,"GO:0051249","GO:BP","regulation of lymphocyte activation",20972,12698,"GO:0002694,GO:0046649"
"query_1",TRUE,0.000150101565031622,28,1028,9,0.00875486381322957,0.321428571428571,"GO:0019886","GO:BP","antigen processing and presentation of exogenous peptide antigen via MHC class II",20972,5658,"GO:0002478,GO:0002495"
"query_1",TRUE,0.000151075162409256,1010,1028,82,0.0797665369649805,0.0811881188118812,"GO:0031175","GO:BP","neuron projection development",20972,6636,"GO:0048666,GO:0120036"
"query_1",TRUE,0.000153845066564359,51,1028,12,0.0116731517509728,0.235294117647059,"GO:0035987","GO:BP","endodermal cell differentiation",20972,8766,"GO:0001706,GO:0030154"
"query_1",TRUE,0.000153845066564359,51,1028,12,0.0116731517509728,0.235294117647059,"GO:0002455","GO:BP","humoral immune response mediated by circulating immunoglobulin",20972,936,"GO:0006959,GO:0016064"
"query_1",TRUE,0.000154345622672801,155,561,26,0.0463458110516934,0.167741935483871,"KEGG:04514","KEGG","Cell adhesion molecule (CAM) interaction",8716,325,"KEGG:00000"
"query_1",TRUE,0.000163645360206031,395,1028,41,0.0398832684824903,0.10379746835443,"GO:0050727","GO:BP","regulation of inflammatory response",20972,12367,"GO:0006954,GO:0031347,GO:0032101"
"query_1",TRUE,0.000164455110982839,86,561,18,0.0320855614973262,0.209302325581395,"KEGG:04610","KEGG","Complement and coagulation cascades",8716,333,"KEGG:00000"
"query_1",TRUE,0.000164455110982839,331,561,43,0.0766488413547237,0.129909365558912,"KEGG:05165","KEGG","Human papillomavirus infection",8716,462,"KEGG:00000"
"query_1",TRUE,0.000166497917691214,641,1028,58,0.056420233463035,0.0904836193447738,"GO:0007169","GO:BP","cell surface receptor protein tyrosine kinase signaling pathway",20972,2599,"GO:0007167"
"query_1",TRUE,0.000169705708021237,509,1028,49,0.0476653696498054,0.0962671905697446,"GO:0034329","GO:BP","cell junction assembly",20972,7998,"GO:0022607,GO:0034330"
"query_1",TRUE,0.00018151242203477,276,1028,32,0.0311284046692607,0.115942028985507,"GO:0070372","GO:BP","regulation of ERK1 and ERK2 cascade",20972,14976,"GO:0043408,GO:0070371"
"query_1",TRUE,0.00018151242203477,120,1028,19,0.0184824902723735,0.158333333333333,"GO:0071621","GO:BP","granulocyte chemotaxis",20972,15660,"GO:0030595,GO:0097530"
"query_1",TRUE,0.00018151242203477,120,1028,19,0.0184824902723735,0.158333333333333,"GO:0001952","GO:BP","regulation of cell-matrix adhesion",20972,548,"GO:0007160,GO:0010810"
"query_1",TRUE,0.000181789537870251,1677,1028,122,0.118677042801556,0.0727489564698867,"GO:0042592","GO:BP","homeostatic process",20972,9598,"GO:0008150"
"query_1",TRUE,0.000181834979867203,87,561,18,0.0320855614973262,0.206896551724138,"KEGG:05150","KEGG","Staphylococcus aureus infection",8716,455,"KEGG:00000"
"query_1",TRUE,0.000189088446592665,189,1028,25,0.0243190661478599,0.132275132275132,"GO:0070374","GO:BP","positive regulation of ERK1 and ERK2 cascade",20972,14978,"GO:0043410,GO:0070371,GO:0070372"
"query_1",TRUE,0.000198736485748756,192,664,29,0.0436746987951807,0.151041666666667,"REAC:R-HSA-202733","REAC","Cell surface interactions at the vascular wall",11056,344,"REAC:R-HSA-109582"
"query_1",TRUE,0.000202836036142605,413,1028,42,0.0408560311284047,0.101694915254237,"GO:0007159","GO:BP","leukocyte cell-cell adhesion",20972,2589,"GO:0098609"
"query_1",TRUE,0.000205160304539639,80,1028,15,0.014591439688716,0.1875,"GO:0042267","GO:BP","natural killer cell mediated cytotoxicity",20972,9416,"GO:0001909,GO:0002228"
"query_1",TRUE,0.000205160304539639,80,1028,15,0.014591439688716,0.1875,"GO:0070098","GO:BP","chemokine-mediated signaling pathway",20972,14803,"GO:0007186,GO:0019221,GO:1990869"
"query_1",TRUE,0.00020543031896651,988,1028,80,0.0778210116731518,0.0809716599190283,"GO:0007167","GO:BP","enzyme-linked receptor protein signaling pathway",20972,2597,"GO:0007166"
"query_1",TRUE,0.000209390578983561,358,561,45,0.0802139037433155,0.125698324022346,"KEGG:04151","KEGG","PI3K-Akt signaling pathway",8716,294,"KEGG:00000"
"query_1",TRUE,0.000214024767384331,18,664,8,0.0120481927710843,0.444444444444444,"REAC:R-HSA-2243919","REAC","Crosslinking of collagen fibrils",11056,433,"REAC:R-HSA-2022090"
"query_1",TRUE,0.000214290570610279,1769,1028,127,0.123540856031128,0.071791972866026,"GO:0022008","GO:BP","neurogenesis",20972,6130,"GO:0007399,GO:0030154"
"query_1",TRUE,0.000219504401704421,1006,1028,81,0.0787937743190661,0.0805168986083499,"GO:0044087","GO:BP","regulation of cellular component biogenesis",20972,10212,"GO:0044085,GO:0050794"
"query_1",TRUE,0.000231859853491534,216,1028,27,0.0262645914396887,0.125,"GO:0045216","GO:BP","cell-cell junction organization",20972,10566,"GO:0034330"
"query_1",TRUE,0.000237814228056872,91,1028,16,0.0155642023346304,0.175824175824176,"GO:0038084","GO:BP","vascular endothelial growth factor signaling pathway",20972,9061,"GO:0007169,GO:0035924"
"query_1",TRUE,0.000244078848711985,112,1028,18,0.0175097276264591,0.160714285714286,"GO:0045446","GO:BP","endothelial cell differentiation",20972,10610,"GO:0003158,GO:0030855"
"query_1",TRUE,0.000249568970317433,217,1028,27,0.0262645914396887,0.124423963133641,"GO:0001906","GO:BP","cell killing",20972,511,"GO:0009987"
"query_1",TRUE,0.000254752948909936,562,1028,52,0.0505836575875486,0.0925266903914591,"GO:0002764","GO:BP","immune response-regulating signaling pathway",20972,1229,"GO:0007165,GO:0050776"
"query_1",TRUE,0.000256570771819097,72,1028,14,0.0136186770428016,0.194444444444444,"GO:0032835","GO:BP","glomerulus development",20972,7347,"GO:0048856,GO:0072006"
"query_1",TRUE,0.000267137755303964,256,1028,30,0.0291828793774319,0.1171875,"GO:0002699","GO:BP","positive regulation of immune effector process",20972,1171,"GO:0002252,GO:0002684,GO:0002697"
"query_1",TRUE,0.000268242767990807,92,1028,16,0.0155642023346304,0.173913043478261,"GO:0043535","GO:BP","regulation of blood vessel endothelial cell migration",20972,10076,"GO:0010594,GO:0043534"
"query_1",TRUE,0.000270485491910875,113,1028,18,0.0175097276264591,0.15929203539823,"GO:0035924","GO:BP","cellular response to vascular endothelial growth factor stimulus",20972,8734,"GO:0071363"
"query_1",TRUE,0.00027664518277228,568,664,61,0.0918674698795181,0.107394366197183,"REAC:R-HSA-9675108","REAC","Nervous system development",11056,1648,"REAC:R-HSA-1266738"
"query_1",TRUE,0.00027664518277228,543,664,59,0.088855421686747,0.10865561694291,"REAC:R-HSA-422475","REAC","Axon guidance",11056,204,"REAC:R-HSA-9675108"
"query_1",TRUE,0.000277915553924265,839,1028,70,0.0680933852140078,0.0834326579261025,"GO:0048871","GO:BP","multicellular organismal-level homeostasis",20972,12261,"GO:0032501,GO:0042592"
"query_1",TRUE,0.000278645617026337,12,1028,6,0.00583657587548638,0.5,"GO:2001046","GO:BP","positive regulation of integrin-mediated signaling pathway",20972,24353,"GO:0007229,GO:0009967,GO:2001044"
"query_1",TRUE,0.000279527928891475,244,1028,29,0.0282101167315175,0.118852459016393,"GO:0002573","GO:BP","myeloid leukocyte differentiation",20972,1048,"GO:0002521,GO:0030099"
"query_1",TRUE,0.000303947790238397,522,1028,49,0.0476653696498054,0.0938697318007663,"GO:0002683","GO:BP","negative regulation of immune system process",20972,1155,"GO:0002376,GO:0002682,GO:0048519"
"query_1",TRUE,0.00031409071224229,64,1028,13,0.0126459143968872,0.203125,"GO:0035904","GO:BP","aorta development",20972,8720,"GO:0060840"
"query_1",TRUE,0.00031409071224229,55,1028,12,0.0116731517509728,0.218181818181818,"GO:0045428","GO:BP","regulation of nitric oxide biosynthetic process",20972,10603,"GO:0006809,GO:0009889,GO:0080164"
"query_1",TRUE,0.000316496323534334,148,1028,21,0.0204280155642023,0.141891891891892,"GO:0097530","GO:BP","granulocyte migration",20972,17463,"GO:0097529"
"query_1",TRUE,0.000318448606872897,19,664,8,0.0120481927710843,0.421052631578947,"REAC:R-HSA-3000480","REAC","Scavenging by Class A Receptors",11056,2276,"REAC:R-HSA-2173782"
"query_1",TRUE,0.000332054746276883,221,1028,27,0.0262645914396887,0.122171945701357,"GO:0060541","GO:BP","respiratory system development",20972,13725,"GO:0048731"
"query_1",TRUE,0.000339288387890649,452,1028,44,0.0428015564202335,0.0973451327433628,"GO:0007409","GO:BP","axonogenesis",20972,2769,"GO:0048667,GO:0048812,GO:0061564"
"query_1",TRUE,0.000339288387890649,74,1028,14,0.0136186770428016,0.189189189189189,"GO:0070527","GO:BP","platelet aggregation",20972,15050,"GO:0030168,GO:0034109"
"query_1",TRUE,0.000339594674985718,94,1028,16,0.0155642023346304,0.170212765957447,"GO:0002690","GO:BP","positive regulation of leukocyte chemotaxis",20972,1162,"GO:0002687,GO:0002688,GO:0030595,GO:0050921"
"query_1",TRUE,0.000342043674198257,1167,1028,90,0.0875486381322957,0.077120822622108,"GO:0048666","GO:BP","neuron development",20972,12075,"GO:0030182,GO:0048468"
"query_1",TRUE,0.000352407761814506,300,1028,33,0.0321011673151751,0.11,"GO:0070371","GO:BP","ERK1 and ERK2 cascade",20972,14975,"GO:0000165"
"query_1",TRUE,0.000358043821889226,831,1028,69,0.0671206225680934,0.0830324909747292,"GO:0031347","GO:BP","regulation of defense response",20972,6682,"GO:0006952,GO:0080134"
"query_1",TRUE,0.000359290567611471,105,1028,17,0.0165369649805447,0.161904761904762,"GO:0048010","GO:BP","vascular endothelial growth factor receptor signaling pathway",20972,11622,"GO:0007169"
"query_1",TRUE,0.000367547642877632,56,1028,12,0.0116731517509728,0.214285714285714,"GO:0080164","GO:BP","regulation of nitric oxide metabolic process",20972,16655,"GO:0019222,GO:0046209"
"query_1",TRUE,0.000370792409549145,301,1028,33,0.0321011673151751,0.109634551495017,"GO:0043122","GO:BP","regulation of canonical NF-kappaB signal transduction",20972,9876,"GO:0007249,GO:1902531"
"query_1",TRUE,0.000370792409549145,8,1028,5,0.00486381322957198,0.625,"GO:2000427","GO:BP","positive regulation of apoptotic cell clearance",20972,23862,"GO:0043277,GO:0050766,GO:2000425"
"query_1",TRUE,0.000375981097382516,498,1028,47,0.0457198443579767,0.0943775100401606,"GO:0090066","GO:BP","regulation of anatomical structure size",20972,16800,"GO:0065008"
"query_1",TRUE,0.000378749168166762,786,1028,66,0.0642023346303502,0.083969465648855,"GO:0001816","GO:BP","cytokine production",20972,460,"GO:0010467,GO:0032501"
"query_1",TRUE,0.000421016136495022,32,1028,9,0.00875486381322957,0.28125,"GO:0002495","GO:BP","antigen processing and presentation of peptide antigen via MHC class II",20972,976,"GO:0002504,GO:0048002"
"query_1",TRUE,0.000429438454129033,290,1028,32,0.0311284046692607,0.110344827586207,"GO:0019058","GO:BP","viral life cycle",20972,5234,"GO:0016032"
"query_1",TRUE,0.000429438454129033,386,1028,39,0.0379377431906615,0.101036269430052,"GO:0050863","GO:BP","regulation of T cell activation",20972,12448,"GO:0042110,GO:0051249"
"query_1",TRUE,0.000437636499077945,516,1028,48,0.046692607003891,0.0930232558139535,"GO:0002757","GO:BP","immune response-activating signaling pathway",20972,1222,"GO:0002253,GO:0002764"
"query_1",TRUE,0.0004393562992438,40,1028,10,0.00972762645914397,0.25,"GO:0044319","GO:BP","wound healing, spreading of cells",20972,10252,"GO:0016477,GO:0090505"
"query_1",TRUE,0.0004393562992438,40,1028,10,0.00972762645914397,0.25,"GO:0090505","GO:BP","epiboly involved in wound healing",20972,17109,"GO:0042060,GO:0090504"
"query_1",TRUE,0.000448360491955662,1410,1028,104,0.101167315175097,0.073758865248227,"GO:0080134","GO:BP","regulation of response to stress",20972,16633,"GO:0006950,GO:0048583"
"query_1",TRUE,0.00045190990351071,176,1028,23,0.0223735408560311,0.130681818181818,"GO:0007565","GO:BP","female pregnancy",20972,2903,"GO:0044703,GO:0044706"
"query_1",TRUE,0.000469066708452034,201,1028,25,0.0243190661478599,0.124378109452736,"GO:0050920","GO:BP","regulation of chemotaxis",20972,12499,"GO:0006935,GO:0032101,GO:0040012"
"query_1",TRUE,0.000470428651069969,2597,1028,172,0.167315175097276,0.0662302656911821,"GO:0007399","GO:BP","nervous system development",20972,2762,"GO:0048731"
"query_1",TRUE,0.000470428651069969,445,1028,43,0.0418287937743191,0.0966292134831461,"GO:0072657","GO:BP","protein localization to membrane",20972,16298,"GO:0008104,GO:0051668"
"query_1",TRUE,0.000471199489759288,638,1028,56,0.0544747081712062,0.0877742946708464,"GO:0043408","GO:BP","regulation of MAPK cascade",20972,10005,"GO:0000165,GO:1902531"
"query_1",TRUE,0.000477866116438713,12397,1028,671,0.65272373540856,0.0541259982253771,"GO:0050789","GO:BP","regulation of biological process",20972,12397,"GO:0008150,GO:0065007"
"query_1",TRUE,0.000488135920925805,229,561,32,0.0570409982174688,0.139737991266376,"KEGG:04810","KEGG","Regulation of actin cytoskeleton",8716,378,"KEGG:00000"
"query_1",TRUE,0.000490865420849122,15,664,7,0.0105421686746988,0.466666666666667,"REAC:R-HSA-2214320","REAC","Anchoring fibril formation",11056,152,"REAC:R-HSA-2022090"
"query_1",TRUE,0.000490865420849122,214,664,30,0.0451807228915663,0.14018691588785,"REAC:R-HSA-9824443","REAC","Parasitic Infection Pathways",11056,1786,"REAC:R-HSA-5663205"
"query_1",TRUE,0.000490865420849122,214,664,30,0.0451807228915663,0.14018691588785,"REAC:R-HSA-9658195","REAC","Leishmania infection",11056,1363,"REAC:R-HSA-9824443"
"query_1",TRUE,0.000490865420849122,104,664,19,0.0286144578313253,0.182692307692308,"REAC:R-HSA-194138","REAC","Signaling by VEGF",11056,2410,"REAC:R-HSA-9006934"
"query_1",TRUE,0.000500131163527512,564,1028,51,0.0496108949416342,0.0904255319148936,"GO:0019221","GO:BP","cytokine-mediated signaling pathway",20972,5275,"GO:0007166,GO:0071345"
"query_1",TRUE,0.000500137104389053,58,1028,12,0.0116731517509728,0.206896551724138,"GO:1903053","GO:BP","regulation of extracellular matrix organization",20972,21151,"GO:0030198,GO:0051128"
"query_1",TRUE,0.000509287720010233,142,1028,20,0.0194552529182879,0.140845070422535,"GO:0071675","GO:BP","regulation of mononuclear cell migration",20972,15707,"GO:0002685,GO:0071674"
"query_1",TRUE,0.000524549663727084,154,1028,21,0.0204280155642023,0.136363636363636,"GO:0045807","GO:BP","positive regulation of endocytosis",20972,10859,"GO:0006897,GO:0030100,GO:0051050,GO:0051130"
"query_1",TRUE,0.000525001241865558,1052,1028,82,0.0797665369649805,0.0779467680608365,"GO:0006812","GO:BP","monoatomic cation transport",20972,2364,"GO:0006811"
"query_1",TRUE,0.000530462864313128,41,1028,10,0.00972762645914397,0.24390243902439,"GO:0090504","GO:BP","epiboly",20972,17108,"GO:0002011"
"query_1",TRUE,0.000535381530487704,1184,1028,90,0.0875486381322957,0.0760135135135135,"GO:0010628","GO:BP","positive regulation of gene expression",20972,4087,"GO:0010467,GO:0010468,GO:0010557"
"query_1",TRUE,0.000565312528903128,798,1028,66,0.0642023346303502,0.0827067669172932,"GO:0097435","GO:BP","supramolecular fiber organization",20972,17431,"GO:0016043"
"query_1",TRUE,0.000580933064990456,523,1028,48,0.046692607003891,0.0917782026768642,"GO:1903131","GO:BP","mononuclear cell differentiation",20972,21205,"GO:0002521"
"query_1",TRUE,0.000582591699775405,132,1028,19,0.0184824902723735,0.143939393939394,"GO:0046718","GO:BP","symbiont entry into host cell",20972,11501,"GO:0019058,GO:0044409"
"query_1",TRUE,0.00060192352150721,243,1028,28,0.0272373540856031,0.11522633744856,"GO:0032944","GO:BP","regulation of mononuclear cell proliferation",20972,7417,"GO:0032943,GO:0070663"
"query_1",TRUE,0.00060192352150721,1238,1028,93,0.0904669260700389,0.0751211631663974,"GO:0071495","GO:BP","cellular response to endogenous stimulus",20972,15590,"GO:0009719"
"query_1",TRUE,0.000618082848376439,676,1028,58,0.056420233463035,0.0857988165680473,"GO:1901699","GO:BP","cellular response to nitrogen compound",20972,20236,"GO:0070887,GO:1901698"
"query_1",TRUE,0.000622190974941591,1091,1028,84,0.0817120622568093,0.076993583868011,"GO:0051130","GO:BP","positive regulation of cellular component organization",20972,12629,"GO:0016043,GO:0048522,GO:0051128"
"query_1",TRUE,0.000622190974941591,89,1028,15,0.014591439688716,0.168539325842697,"GO:1990869","GO:BP","cellular response to chemokine",20972,23475,"GO:0071345,GO:1990868"
"query_1",TRUE,0.000622190974941591,89,1028,15,0.014591439688716,0.168539325842697,"GO:1990868","GO:BP","response to chemokine",20972,23474,"GO:0034097"
"query_1",TRUE,0.000622190974941591,270,1028,30,0.0291828793774319,0.111111111111111,"GO:0003018","GO:BP","vascular process in circulatory system",20972,1420,"GO:0003013"
"query_1",TRUE,0.000671151090166324,157,1028,21,0.0204280155642023,0.133757961783439,"GO:0007043","GO:BP","cell-cell junction assembly",20972,2514,"GO:0034329,GO:0045216"
"query_1",TRUE,0.00067397473103042,60,1028,12,0.0116731517509728,0.2,"GO:0001706","GO:BP","endoderm formation",20972,385,"GO:0001704,GO:0007492"
"query_1",TRUE,0.00067397473103042,60,1028,12,0.0116731517509728,0.2,"GO:0007566","GO:BP","embryo implantation",20972,2904,"GO:0007275,GO:0007565,GO:0022414"
"query_1",TRUE,0.00069473018538226,90,1028,15,0.014591439688716,0.166666666666667,"GO:0170062","GO:BP","nutrient storage",20972,19055,"GO:0009987"
"query_1",TRUE,0.00069473018538226,90,1028,15,0.014591439688716,0.166666666666667,"GO:0019915","GO:BP","lipid storage",20972,5661,"GO:0170062"
"query_1",TRUE,0.00069473018538226,664,1028,57,0.0554474708171206,0.0858433734939759,"GO:0120039","GO:BP","plasma membrane bounded cell projection morphogenesis",20972,18206,"GO:0048858"
"query_1",TRUE,0.000716346102603019,41,561,11,0.0196078431372549,0.268292682926829,"KEGG:04940","KEGG","Type I diabetes mellitus",8716,408,"KEGG:00000"
"query_1",TRUE,0.000716845129288895,70,1028,13,0.0126459143968872,0.185714285714286,"GO:0006809","GO:BP","nitric oxide biosynthetic process",20972,2361,"GO:0009058,GO:0046209"
"query_1",TRUE,0.000723898663704602,204,561,29,0.0516934046345811,0.142156862745098,"KEGG:05205","KEGG","Proteoglycans in cancer",8716,473,"KEGG:00000"
"query_1",TRUE,0.000723898663704602,89,561,17,0.0303030303030303,0.191011235955056,"KEGG:05323","KEGG","Rheumatoid arthritis",8716,501,"KEGG:00000"
"query_1",TRUE,0.00076614671058629,35,561,10,0.017825311942959,0.285714285714286,"KEGG:05330","KEGG","Allograft rejection",8716,502,"KEGG:00000"
"query_1",TRUE,0.000769511576113676,221,1028,26,0.0252918287937743,0.117647058823529,"GO:0043123","GO:BP","positive regulation of canonical NF-kappaB signal transduction",20972,9877,"GO:0007249,GO:0043122,GO:1902533"
"query_1",TRUE,0.000769511576113676,530,1028,48,0.046692607003891,0.090566037735849,"GO:0051604","GO:BP","protein maturation",20972,12897,"GO:0010467,GO:0019538"
"query_1",TRUE,0.000769511576113676,328,1028,34,0.0330739299610895,0.103658536585366,"GO:0022409","GO:BP","positive regulation of cell-cell adhesion",20972,6166,"GO:0022407,GO:0045785,GO:0098609"
"query_1",TRUE,0.000781158421159326,61,1028,12,0.0116731517509728,0.19672131147541,"GO:0022617","GO:BP","extracellular matrix disassembly",20972,6189,"GO:0022411,GO:0030198"
"query_1",TRUE,0.000791372945557206,196,1028,24,0.0233463035019455,0.122448979591837,"GO:0044703","GO:BP","multi-organism reproductive process",20972,10371,"GO:0022414"
"query_1",TRUE,0.000833039213380691,669,1028,57,0.0554474708171206,0.0852017937219731,"GO:0048858","GO:BP","cell projection morphogenesis",20972,12249,"GO:0000902,GO:0009653,GO:0030030"
"query_1",TRUE,0.000883206064907999,780,1028,64,0.0622568093385214,0.082051282051282,"GO:0001817","GO:BP","regulation of cytokine production",20972,461,"GO:0001816,GO:0010468,GO:0051239"
"query_1",TRUE,0.000898200333594582,749,1028,62,0.0603112840466926,0.0827770360480641,"GO:0000165","GO:BP","MAPK cascade",20972,54,"GO:0141124"
"query_1",TRUE,0.000907500895628293,331,1028,34,0.0330739299610895,0.102719033232628,"GO:0042063","GO:BP","gliogenesis",20972,9314,"GO:0022008"
"query_1",TRUE,0.000908196412732817,62,1028,12,0.0116731517509728,0.193548387096774,"GO:0006956","GO:BP","complement activation",20972,2456,"GO:0002252,GO:0002253,GO:0006959"
"query_1",TRUE,0.000908939607452691,137,1028,19,0.0184824902723735,0.138686131386861,"GO:0044409","GO:BP","symbiont entry into host",20972,10285,"GO:0051701"
"query_1",TRUE,0.00093938707686643,28,1028,8,0.00778210116731518,0.285714285714286,"GO:0045954","GO:BP","positive regulation of natural killer cell mediated cytotoxicity",20972,10967,"GO:0001912,GO:0002717,GO:0042267,GO:0042269"
"query_1",TRUE,0.00100099492888554,36,1028,9,0.00875486381322957,0.25,"GO:0002504","GO:BP","antigen processing and presentation of peptide or polysaccharide antigen via MHC class II",20972,985,"GO:0019882"
"query_1",TRUE,0.00103208354922493,101,561,18,0.0320855614973262,0.178217821782178,"KEGG:04933","KEGG","AGE-RAGE signaling pathway in diabetic complications",8716,404,"KEGG:00000"
"query_1",TRUE,0.00104703595576369,801,1028,65,0.0632295719844358,0.0811485642946317,"GO:0006508","GO:BP","proteolysis",20972,2123,"GO:0019538"
"query_1",TRUE,0.00104703595576369,376,1028,37,0.0359922178988327,0.0984042553191489,"GO:2001233","GO:BP","regulation of apoptotic signaling pathway",20972,24474,"GO:0009966,GO:0042981,GO:0097190"
"query_1",TRUE,0.00106533233660698,1260,1028,93,0.0904669260700389,0.0738095238095238,"GO:0006811","GO:BP","monoatomic ion transport",20972,2363,"GO:0006810"
"query_1",TRUE,0.00107230043396604,239,1028,27,0.0262645914396887,0.112970711297071,"GO:0050670","GO:BP","regulation of lymphocyte proliferation",20972,12345,"GO:0032944,GO:0046651,GO:0051249"
"query_1",TRUE,0.00107586019884085,449,1028,42,0.0408560311284047,0.0935412026726058,"GO:0030099","GO:BP","myeloid cell differentiation",20972,6242,"GO:0030097,GO:0030154"
"query_1",TRUE,0.00111828927640809,45,1028,10,0.00972762645914397,0.222222222222222,"GO:0030574","GO:BP","collagen catabolic process",20972,6402,"GO:0009056,GO:0032963"
"query_1",TRUE,0.00113010852770995,1534,1028,109,0.106031128404669,0.0710560625814863,"GO:0007010","GO:BP","cytoskeleton organization",20972,2489,"GO:0006996"
"query_1",TRUE,0.001149723619424,176,1028,22,0.0214007782101167,0.125,"GO:0051701","GO:BP","biological process involved in interaction with host",20972,12975,"GO:0044403"
"query_1",TRUE,0.00119767886888066,2290,1028,152,0.147859922178988,0.0663755458515284,"GO:0003008","GO:BP","system process",20972,1410,"GO:0032501"
"query_1",TRUE,0.00119767886888066,648,1028,55,0.0535019455252918,0.0848765432098765,"GO:0048812","GO:BP","neuron projection morphogenesis",20972,12207,"GO:0031175,GO:0120039"
"query_1",TRUE,0.00120076198006804,58,664,13,0.019578313253012,0.224137931034483,"REAC:R-HSA-375165","REAC","NCAM signaling for neurite out-growth",11056,1576,"REAC:R-HSA-422475"
"query_1",TRUE,0.00120076198006804,111,664,19,0.0286144578313253,0.171171171171171,"REAC:R-HSA-6785807","REAC","Interleukin-4 and Interleukin-13 signaling",11056,1303,"REAC:R-HSA-449147"
"query_1",TRUE,0.00122731452472937,228,1028,26,0.0252918287937743,0.114035087719298,"GO:2001234","GO:BP","negative regulation of apoptotic signaling pathway",20972,24475,"GO:0009968,GO:0043066,GO:0097190,GO:2001233"
"query_1",TRUE,0.00125594671933407,141,561,22,0.0392156862745098,0.156028368794326,"KEGG:05418","KEGG","Fluid shear stress and atherosclerosis",8716,511,"KEGG:00000"
"query_1",TRUE,0.00125594671933407,103,561,18,0.0320855614973262,0.174757281553398,"KEGG:04064","KEGG","NF-kappa B signaling pathway",8716,263,"KEGG:00000"
"query_1",TRUE,0.00126935116397676,380,1028,37,0.0359922178988327,0.0973684210526316,"GO:0050867","GO:BP","positive regulation of cell activation",20972,12452,"GO:0001775,GO:0048522,GO:0050865,GO:0051240"
"query_1",TRUE,0.0012750143535135,22,1028,7,0.00680933852140078,0.318181818181818,"GO:0048143","GO:BP","astrocyte activation",20972,11699,"GO:0014002,GO:0061900"
"query_1",TRUE,0.00130097627181911,203,1028,24,0.0233463035019455,0.118226600985222,"GO:0016064","GO:BP","immunoglobulin mediated immune response",20972,4852,"GO:0019724"
"query_1",TRUE,0.00130097627181911,1523,1028,108,0.105058365758755,0.0709126723571898,"GO:0048699","GO:BP","generation of neurons",20972,12106,"GO:0022008"
"query_1",TRUE,0.00130097627181911,55,1028,11,0.0107003891050584,0.2,"GO:0001954","GO:BP","positive regulation of cell-matrix adhesion",20972,550,"GO:0001952,GO:0007160,GO:0010811"
"query_1",TRUE,0.00132848575778046,178,1028,22,0.0214007782101167,0.123595505617978,"GO:0008361","GO:BP","regulation of cell size",20972,3040,"GO:0032535"
"query_1",TRUE,0.00135577757472227,12804,1028,686,0.667315175097276,0.0535770071852546,"GO:0065007","GO:BP","biological regulation",20972,14784,"GO:0008150"
"query_1",TRUE,0.00135702232915006,107,1028,16,0.0155642023346304,0.149532710280374,"GO:0048008","GO:BP","platelet-derived growth factor receptor signaling pathway",20972,11620,"GO:0007169"
"query_1",TRUE,0.00136203911064938,191,1028,23,0.0223735408560311,0.120418848167539,"GO:0061138","GO:BP","morphogenesis of a branching epithelium",20972,14186,"GO:0001763,GO:0002009"
"query_1",TRUE,0.00137923840776119,382,1028,37,0.0359922178988327,0.0968586387434555,"GO:0032970","GO:BP","regulation of actin filament-based process",20972,7440,"GO:0030029,GO:0050794"
"query_1",TRUE,0.00140394750473442,591,1028,51,0.0496108949416342,0.0862944162436548,"GO:0007507","GO:BP","heart development",20972,2857,"GO:0048513,GO:0072359"
"query_1",TRUE,0.00141283813224693,476,664,51,0.0768072289156626,0.107142857142857,"REAC:R-HSA-6798695","REAC","Neutrophil degranulation",11056,1661,"REAC:R-HSA-168249"
"query_1",TRUE,0.00141484764933162,76,664,15,0.0225903614457831,0.197368421052632,"REAC:R-HSA-6806834","REAC","Signaling by MET",11056,2367,"REAC:R-HSA-9006934"
"query_1",TRUE,0.00145687143844577,941,1028,73,0.071011673151751,0.077577045696068,"GO:1901698","GO:BP","response to nitrogen compound",20972,20235,"GO:0042221"
"query_1",TRUE,0.00146648706306461,623,1028,53,0.051556420233463,0.0850722311396469,"GO:0048598","GO:BP","embryonic morphogenesis",20972,12016,"GO:0009653,GO:0009790"
"query_1",TRUE,0.00146648706306461,38,1028,9,0.00875486381322957,0.236842105263158,"GO:0043903","GO:BP","regulation of biological process involved in symbiotic interaction",20972,10163,"GO:0044403,GO:0050789"
"query_1",TRUE,0.00146648706306461,38,1028,9,0.00875486381322957,0.236842105263158,"GO:0097242","GO:BP","amyloid-beta clearance",20972,17335,"GO:0032501"
"query_1",TRUE,0.00146871803094749,205,1028,24,0.0233463035019455,0.117073170731707,"GO:0044706","GO:BP","multi-multicellular organism process",20972,10372,"GO:0032501"
"query_1",TRUE,0.00153591592421026,1025,1028,78,0.075875486381323,0.0760975609756098,"GO:0034220","GO:BP","monoatomic ion transmembrane transport",20972,7944,"GO:0006811,GO:0055085"
"query_1",TRUE,0.00153948594282028,1914,1028,130,0.126459143968872,0.0679205851619645,"GO:0032879","GO:BP","regulation of localization",20972,7364,"GO:0050789,GO:0051179"
"query_1",TRUE,0.00153948594282028,76,1028,13,0.0126459143968872,0.171052631578947,"GO:0046209","GO:BP","nitric oxide metabolic process",20972,11186,"GO:2001057"
"query_1",TRUE,0.00154138426054316,44,664,11,0.016566265060241,0.25,"REAC:R-HSA-1566948","REAC","Elastic fibre formation",11056,875,"REAC:R-HSA-1474244"
"query_1",TRUE,0.00156574209417722,206,1028,24,0.0233463035019455,0.116504854368932,"GO:0019724","GO:BP","B cell mediated immunity",20972,5616,"GO:0002449,GO:0002460"
"query_1",TRUE,0.00156574209417722,719,1028,59,0.0573929961089494,0.0820584144645341,"GO:0009617","GO:BP","response to bacterium",20972,3386,"GO:0051707"
"query_1",TRUE,0.00159447277923598,11962,1028,645,0.627431906614786,0.0539207490386223,"GO:0050794","GO:BP","regulation of cellular process",20972,12401,"GO:0009987,GO:0050789"
"query_1",TRUE,0.00160568294128745,6,1028,4,0.00389105058365759,0.666666666666667,"GO:0031622","GO:BP","positive regulation of fever generation",20972,6776,"GO:0001660,GO:0002675,GO:0031620,GO:0031652"
"query_1",TRUE,0.00162516060393655,87,1028,14,0.0136186770428016,0.160919540229885,"GO:0048013","GO:BP","ephrin receptor signaling pathway",20972,11625,"GO:0007169"
"query_1",TRUE,0.00162704415699044,37,664,10,0.0150602409638554,0.27027027027027,"REAC:R-HSA-2129379","REAC","Molecules associated with elastic fibres",11056,1555,"REAC:R-HSA-1566948"
"query_1",TRUE,0.00163167376120768,287,1028,30,0.0291828793774319,0.104529616724739,"GO:0007162","GO:BP","negative regulation of cell adhesion",20972,2592,"GO:0007155,GO:0030155,GO:0048523"
"query_1",TRUE,0.0016504918285171,194,1028,23,0.0223735408560311,0.118556701030928,"GO:0030324","GO:BP","lung development",20972,6333,"GO:0030323,GO:0048513,GO:0060541"
"query_1",TRUE,0.00172544288956793,77,1028,13,0.0126459143968872,0.168831168831169,"GO:2001057","GO:BP","reactive nitrogen species metabolic process",20972,24360,"GO:0008152"
"query_1",TRUE,0.00172544288956793,77,1028,13,0.0126459143968872,0.168831168831169,"GO:0150076","GO:BP","neuroinflammatory response",20972,18873,"GO:0006954"
"query_1",TRUE,0.00173639755171942,182,1028,22,0.0214007782101167,0.120879120879121,"GO:0042129","GO:BP","regulation of T cell proliferation",20972,9342,"GO:0042098,GO:0050670,GO:0050863"
"query_1",TRUE,0.00174772894216462,39,1028,9,0.00875486381322957,0.230769230769231,"GO:0014002","GO:BP","astrocyte development",20972,4360,"GO:0021782,GO:0048708"
"query_1",TRUE,0.00176139370958883,195,1028,23,0.0223735408560311,0.117948717948718,"GO:0007369","GO:BP","gastrulation",20972,2735,"GO:0048598"
"query_1",TRUE,0.00187435945303103,122,1028,17,0.0165369649805447,0.139344262295082,"GO:0010811","GO:BP","positive regulation of cell-substrate adhesion",20972,4217,"GO:0010810,GO:0031589,GO:0045785"
"query_1",TRUE,0.00196040125436797,4370,1028,263,0.255836575875486,0.0601830663615561,"GO:0006810","GO:BP","transport",20972,2362,"GO:0051234"
"query_1",TRUE,0.00197834973319548,11,1028,5,0.00486381322957198,0.454545454545455,"GO:0048251","GO:BP","elastic fiber assembly",20972,11762,"GO:0085029,GO:0097435"
"query_1",TRUE,0.00199674384903474,116,664,19,0.0286144578313253,0.163793103448276,"REAC:R-HSA-2029482","REAC","Regulation of actin dynamics for phagocytic cup formation",11056,2104,"REAC:R-HSA-2029480"
"query_1",TRUE,0.0020317915940205,100,1028,15,0.014591439688716,0.15,"GO:0034446","GO:BP","substrate adhesion-dependent cell spreading",20972,8066,"GO:0031589"
"query_1",TRUE,0.00203217993840431,98,561,17,0.0303030303030303,0.173469387755102,"KEGG:04061","KEGG","Viral protein interaction with cytokine and cytokine receptor",8716,261,"KEGG:00000"
"query_1",TRUE,0.00211648077989884,40,1028,9,0.00875486381322957,0.225,"GO:0016486","GO:BP","peptide hormone processing",20972,4982,"GO:0042445,GO:0140448"
"query_1",TRUE,0.00211648077989884,40,1028,9,0.00875486381322957,0.225,"GO:0034381","GO:BP","plasma lipoprotein particle clearance",20972,8032,"GO:0032501,GO:0097006"
"query_1",TRUE,0.0021277510942503,49,1028,10,0.00972762645914397,0.204081632653061,"GO:1904645","GO:BP","response to amyloid-beta",20972,22257,"GO:1901698,GO:1901700"
"query_1",TRUE,0.00213467279360622,24,1028,7,0.00680933852140078,0.291666666666667,"GO:0002716","GO:BP","negative regulation of natural killer cell mediated immunity",20972,1188,"GO:0002228,GO:0002707,GO:0002715,GO:0045824"
"query_1",TRUE,0.00213841182289484,292,1028,30,0.0291828793774319,0.102739726027397,"GO:0030100","GO:BP","regulation of endocytosis",20972,6243,"GO:0006897,GO:0051128,GO:0060627"
"query_1",TRUE,0.00216360870796042,198,1028,23,0.0223735408560311,0.116161616161616,"GO:0030323","GO:BP","respiratory tube development",20972,6332,"GO:0035295,GO:0048513"
"query_1",TRUE,0.00217356291582287,160,1028,20,0.0194552529182879,0.125,"GO:2001236","GO:BP","regulation of extrinsic apoptotic signaling pathway",20972,24477,"GO:0097191,GO:2001233"
"query_1",TRUE,0.00221689536504251,238,1028,26,0.0252918287937743,0.109243697478992,"GO:0006909","GO:BP","phagocytosis",20972,2428,"GO:0006897"
"query_1",TRUE,0.00222463321948055,101,1028,15,0.014591439688716,0.148514851485149,"GO:0071346","GO:BP","cellular response to type II interferon",20972,15462,"GO:0034341,GO:0071345"
"query_1",TRUE,0.00222558573917027,3,1028,3,0.00291828793774319,1,"GO:0001798","GO:BP","positive regulation of type IIa hypersensitivity",20972,442,"GO:0001794,GO:0001796,GO:0002894"
"query_1",TRUE,0.00222558573917027,3,1028,3,0.00291828793774319,1,"GO:0002894","GO:BP","positive regulation of type II hypersensitivity",20972,1358,"GO:0002445,GO:0002885,GO:0002888,GO:0002891,GO:0002892"
"query_1",TRUE,0.00245388163254612,137,1028,18,0.0175097276264591,0.131386861313869,"GO:0030048","GO:BP","actin filament-based movement",20972,6232,"GO:0030029"
"query_1",TRUE,0.00246984253997617,200,1028,23,0.0223735408560311,0.115,"GO:0002822","GO:BP","regulation of adaptive immune response based on somatic recombination of immune receptors built from immunoglobulin superfamily domains",20972,1286,"GO:0002460,GO:0002819"
"query_1",TRUE,0.00246984253997617,50,1028,10,0.00972762645914397,0.2,"GO:0061900","GO:BP","glial cell activation",20972,14617,"GO:0001775,GO:0150076"
"query_1",TRUE,0.0025055988308899,41,1028,9,0.00875486381322957,0.219512195121951,"GO:0030866","GO:BP","cortical actin cytoskeleton organization",20972,6500,"GO:0030036,GO:0030865"
"query_1",TRUE,0.00250627565129633,19,664,7,0.0105421686746988,0.368421052631579,"REAC:R-HSA-5627117","REAC","RHO GTPases Activate ROCKs",11056,1923,"REAC:R-HSA-195258"
"query_1",TRUE,0.00252648961267873,734,1028,59,0.0573929961089494,0.0803814713896458,"GO:0070848","GO:BP","response to growth factor",20972,15214,"GO:0009719"
"query_1",TRUE,0.00257731775551149,70,1028,12,0.0116731517509728,0.171428571428571,"GO:0050854","GO:BP","regulation of antigen receptor-mediated signaling pathway",20972,12439,"GO:0009966,GO:0050776,GO:0050851"
"query_1",TRUE,0.00259654452335524,60,1028,11,0.0107003891050584,0.183333333333333,"GO:1905517","GO:BP","macrophage migration",20972,22895,"GO:0071674,GO:0097529"
"query_1",TRUE,0.00259654452335524,214,1028,24,0.0233463035019455,0.11214953271028,"GO:0042098","GO:BP","T cell proliferation",20972,9326,"GO:0042110,GO:0046651"
"query_1",TRUE,0.00263027036266854,241,1028,26,0.0252918287937743,0.107883817427386,"GO:0001667","GO:BP","ameboidal-type cell migration",20972,365,"GO:0016477"
"query_1",TRUE,0.00263027036266854,353,1028,34,0.0330739299610895,0.0963172804532578,"GO:0032535","GO:BP","regulation of cellular component size",20972,7133,"GO:0016043,GO:0090066"
"query_1",TRUE,0.00270723001206021,25,1028,7,0.00680933852140078,0.28,"GO:0002675","GO:BP","positive regulation of acute inflammatory response",20972,1147,"GO:0002526,GO:0002673,GO:0050729"
"query_1",TRUE,0.00271281551175337,81,1028,13,0.0126459143968872,0.160493827160494,"GO:0001570","GO:BP","vasculogenesis",20972,343,"GO:0030154,GO:0048514"
"query_1",TRUE,0.00274049470505304,215,1028,24,0.0233463035019455,0.111627906976744,"GO:0002819","GO:BP","regulation of adaptive immune response",20972,1283,"GO:0002250,GO:0050776"
"query_1",TRUE,0.00274049470505304,215,1028,24,0.0233463035019455,0.111627906976744,"GO:0016485","GO:BP","protein processing",20972,4981,"GO:0006508,GO:0051604"
"query_1",TRUE,0.00274049470505304,33,1028,8,0.00778210116731518,0.242424242424242,"GO:0010743","GO:BP","regulation of macrophage derived foam cell differentiation",20972,4165,"GO:0010742,GO:0045595"
"query_1",TRUE,0.00275814562843185,18,1028,6,0.00583657587548638,0.333333333333333,"GO:0002396","GO:BP","MHC protein complex assembly",20972,879,"GO:0065003"
"query_1",TRUE,0.00275814562843185,18,1028,6,0.00583657587548638,0.333333333333333,"GO:0002501","GO:BP","peptide antigen assembly with MHC protein complex",20972,982,"GO:0002396,GO:0048002,GO:0065003"
"query_1",TRUE,0.00275814562843185,18,1028,6,0.00583657587548638,0.333333333333333,"GO:0016264","GO:BP","gap junction assembly",20972,4944,"GO:0007043"
"query_1",TRUE,0.0028093363102358,706,1028,57,0.0554474708171206,0.0807365439093484,"GO:0071363","GO:BP","cellular response to growth factor stimulus",20972,15479,"GO:0070848,GO:0071495"
"query_1",TRUE,0.00281195624530471,51,1028,10,0.00972762645914397,0.196078431372549,"GO:0031102","GO:BP","neuron projection regeneration",20972,6580,"GO:0031099,GO:0031175,GO:0033554"
"query_1",TRUE,0.0028482783517222,355,1028,34,0.0330739299610895,0.0957746478873239,"GO:1990778","GO:BP","protein localization to cell periphery",20972,23438,"GO:0008104"
"query_1",TRUE,0.00286345147512148,612,1028,51,0.0496108949416342,0.0833333333333333,"GO:0097190","GO:BP","apoptotic signaling pathway",20972,17313,"GO:0006915,GO:0007165"
"query_1",TRUE,0.00289093690618335,42,1028,9,0.00875486381322957,0.214285714285714,"GO:0001937","GO:BP","negative regulation of endothelial cell proliferation",20972,538,"GO:0001935,GO:0001936,GO:0050680"
"query_1",TRUE,0.00289093690618335,42,1028,9,0.00875486381322957,0.214285714285714,"GO:0002714","GO:BP","positive regulation of B cell mediated immunity",20972,1186,"GO:0002708,GO:0002712,GO:0002824,GO:0019724"
"query_1",TRUE,0.00289093690618335,42,1028,9,0.00875486381322957,0.214285714285714,"GO:0002891","GO:BP","positive regulation of immunoglobulin mediated immune response",20972,1355,"GO:0002714,GO:0002889,GO:0016064"
"query_1",TRUE,0.00293802545343903,12,1028,5,0.00486381322957198,0.416666666666667,"GO:0002863","GO:BP","positive regulation of inflammatory response to antigenic stimulus",20972,1327,"GO:0002437,GO:0002861,GO:0050729,GO:0050778"
"query_1",TRUE,0.00293802545343903,12,1028,5,0.00486381322957198,0.416666666666667,"GO:0045019","GO:BP","negative regulation of nitric oxide biosynthetic process",20972,10474,"GO:0006809,GO:0009890,GO:0045428"
"query_1",TRUE,0.00295143694047841,82,1028,13,0.0126459143968872,0.158536585365854,"GO:0048041","GO:BP","focal adhesion assembly",20972,11637,"GO:0007044,GO:0007160"
"query_1",TRUE,0.00295143694047841,82,1028,13,0.0126459143968872,0.158536585365854,"GO:0030593","GO:BP","neutrophil chemotaxis",20972,6416,"GO:0071621,GO:1990266"
"query_1",TRUE,0.00295764739906623,271,1028,28,0.0272373540856031,0.103321033210332,"GO:0006959","GO:BP","humoral immune response",20972,2459,"GO:0006955"
"query_1",TRUE,0.00302048230439392,64,664,13,0.019578313253012,0.203125,"REAC:R-HSA-373755","REAC","Semaphorin interactions",11056,2290,"REAC:R-HSA-422475"
"query_1",TRUE,0.00303138717703784,810,664,75,0.112951807228916,0.0925925925925926,"REAC:R-HSA-1280218","REAC","Adaptive Immune System",11056,123,"REAC:R-HSA-168256"
"query_1",TRUE,0.00309629021917616,1444,1028,101,0.0982490272373541,0.0699445983379501,"GO:0030182","GO:BP","neuron differentiation",20972,6264,"GO:0030154,GO:0048699"
"query_1",TRUE,0.0031129241187523,7,1028,4,0.00389105058365759,0.571428571428571,"GO:0014805","GO:BP","smooth muscle adaptation",20972,4467,"GO:0043500"
"query_1",TRUE,0.00313385936736854,286,1028,29,0.0282101167315175,0.101398601398601,"GO:0072659","GO:BP","protein localization to plasma membrane",20972,16300,"GO:0072657,GO:1990778"
"query_1",TRUE,0.00314188923651565,101,664,17,0.0256024096385542,0.168316831683168,"REAC:R-HSA-977606","REAC","Regulation of Complement cascade",11056,2049,"REAC:R-HSA-166658"
"query_1",TRUE,0.00314881848036074,153,1028,19,0.0184824902723735,0.124183006535948,"GO:0050729","GO:BP","positive regulation of inflammatory response",20972,12369,"GO:0006954,GO:0031349,GO:0032103,GO:0050727"
"query_1",TRUE,0.00314881848036074,1549,1028,107,0.10408560311284,0.0690768237572627,"GO:0045595","GO:BP","regulation of cell differentiation",20972,10677,"GO:0030154,GO:0050793,GO:0050794"
"query_1",TRUE,0.00320030992444077,52,1028,10,0.00972762645914397,0.192307692307692,"GO:0006968","GO:BP","cellular defense response",20972,2465,"GO:0006952"
"query_1",TRUE,0.00320294646279161,538,1028,46,0.0447470817120623,0.0855018587360595,"GO:0001501","GO:BP","skeletal system development",20972,306,"GO:0048731"
"query_1",TRUE,0.00321601063910538,34,1028,8,0.00778210116731518,0.235294117647059,"GO:0032376","GO:BP","positive regulation of cholesterol transport",20972,7042,"GO:0030301,GO:0032373,GO:0032374"
"query_1",TRUE,0.00321601063910538,34,1028,8,0.00778210116731518,0.235294117647059,"GO:0032373","GO:BP","positive regulation of sterol transport",20972,7039,"GO:0015918,GO:0032370,GO:0032371"
"query_1",TRUE,0.00321601063910538,34,1028,8,0.00778210116731518,0.235294117647059,"GO:0035909","GO:BP","aorta morphogenesis",20972,8725,"GO:0035904,GO:0048844"
"query_1",TRUE,0.00321601063910538,34,1028,8,0.00778210116731518,0.235294117647059,"GO:0002717","GO:BP","positive regulation of natural killer cell mediated immunity",20972,1189,"GO:0002228,GO:0002708,GO:0002715,GO:0045089"
"query_1",TRUE,0.00323272777656975,205,1028,23,0.0223735408560311,0.11219512195122,"GO:0001763","GO:BP","morphogenesis of a branching structure",20972,416,"GO:0009653,GO:0032501"
"query_1",TRUE,0.00325904084638105,192,1028,22,0.0214007782101167,0.114583333333333,"GO:0051897","GO:BP","positive regulation of phosphatidylinositol 3-kinase/protein kinase B signal transduction",20972,13049,"GO:0043491,GO:0051896,GO:1902533"
"query_1",TRUE,0.00333173523750165,43,1028,9,0.00875486381322957,0.209302325581395,"GO:0048246","GO:BP","macrophage chemotaxis",20972,11759,"GO:0030595,GO:1905517"
"query_1",TRUE,0.00333173523750165,43,1028,9,0.00875486381322957,0.209302325581395,"GO:0140448","GO:BP","signaling receptor ligand precursor processing",20972,18534,"GO:0016485"
"query_1",TRUE,0.00334019966484929,154,1028,19,0.0184824902723735,0.123376623376623,"GO:1902652","GO:BP","secondary alcohol metabolic process",20972,20878,"GO:0006066"
"query_1",TRUE,0.00335125134444427,93,561,16,0.0285204991087344,0.172043010752688,"KEGG:05222","KEGG","Small cell lung cancer",8716,489,"KEGG:00000"
"query_1",TRUE,0.00338539727672877,1693,1028,115,0.111867704280156,0.0679267572356763,"GO:0048585","GO:BP","negative regulation of response to stimulus",20972,12007,"GO:0048519,GO:0048583,GO:0050896"
"query_1",TRUE,0.00340267363432585,106,1028,15,0.014591439688716,0.141509433962264,"GO:1990266","GO:BP","neutrophil migration",20972,23285,"GO:0097530"
"query_1",TRUE,0.00340362179179836,859,1028,66,0.0642023346303502,0.0768335273573923,"GO:0098655","GO:BP","monoatomic cation transmembrane transport",20972,17576,"GO:0006812,GO:0034220"
"query_1",TRUE,0.00348794040343704,73,1028,12,0.0116731517509728,0.164383561643836,"GO:0048844","GO:BP","artery morphogenesis",20972,12235,"GO:0048514,GO:0060840"
"query_1",TRUE,0.0035160572849358,375,1028,35,0.0340466926070039,0.0933333333333333,"GO:1903037","GO:BP","regulation of leukocyte cell-cell adhesion",20972,21140,"GO:0007159,GO:0022407"
"query_1",TRUE,0.00355610690040182,19,1028,6,0.00583657587548638,0.31578947368421,"GO:0002888","GO:BP","positive regulation of myeloid leukocyte mediated immunity",20972,1352,"GO:0002444,GO:0002705,GO:0002886"
"query_1",TRUE,0.00358833127966738,1848,664,147,0.221385542168675,0.0795454545454545,"REAC:R-HSA-1643685","REAC","Disease",11056,785,"REAC:0000000"
"query_1",TRUE,0.0036500612544773,63,1028,11,0.0107003891050584,0.174603174603175,"GO:0002011","GO:BP","morphogenesis of an epithelial sheet",20972,598,"GO:0002009"
"query_1",TRUE,0.00369833026237967,76,561,14,0.0249554367201426,0.184210526315789,"KEGG:05133","KEGG","Pertussis",8716,446,"KEGG:00000"
"query_1",TRUE,0.00369833026237967,133,561,20,0.035650623885918,0.150375939849624,"KEGG:04380","KEGG","Osteoclast differentiation",8716,318,"KEGG:00000"
"query_1",TRUE,0.00380584918730696,131,1028,17,0.0165369649805447,0.129770992366412,"GO:0002456","GO:BP","T cell mediated immunity",20972,937,"GO:0002449,GO:0002460"
"query_1",TRUE,0.00380921690085243,119,1028,16,0.0155642023346304,0.134453781512605,"GO:0002688","GO:BP","regulation of leukocyte chemotaxis",20972,1160,"GO:0002685,GO:0030595,GO:0050920"
"query_1",TRUE,0.00381210281822369,863,1028,66,0.0642023346303502,0.0764774044032445,"GO:0051247","GO:BP","positive regulation of protein metabolic process",20972,12696,"GO:0010604,GO:0019538,GO:0051246"
"query_1",TRUE,0.0038369271321487,377,1028,35,0.0340466926070039,0.0928381962864721,"GO:0016032","GO:BP","viral process",20972,4829,"GO:0008150"
"query_1",TRUE,0.00388406941928457,96,1028,14,0.0136186770428016,0.145833333333333,"GO:1905954","GO:BP","positive regulation of lipid localization",20972,23202,"GO:0010876,GO:0048518,GO:1905952"
"query_1",TRUE,0.00388406941928457,44,1028,9,0.00875486381322957,0.204545454545455,"GO:0002673","GO:BP","regulation of acute inflammatory response",20972,1145,"GO:0002526,GO:0050727"
"query_1",TRUE,0.00397306541737977,529,1028,45,0.0437743190661479,0.0850661625708885,"GO:0060627","GO:BP","regulation of vesicle-mediated transport",20972,13786,"GO:0016192,GO:0050794,GO:0051049"
"query_1",TRUE,0.00400133278748565,623,1028,51,0.0496108949416342,0.0818619582664527,"GO:0120035","GO:BP","regulation of plasma membrane bounded cell projection organization",20972,18204,"GO:0031344,GO:0120036"
"query_1",TRUE,0.00402008483278472,639,1028,52,0.0505836575875486,0.081377151799687,"GO:0031344","GO:BP","regulation of cell projection organization",20972,6679,"GO:0030030,GO:0051128"
"query_1",TRUE,0.0040341469106148,27,1028,7,0.00680933852140078,0.259259259259259,"GO:0034383","GO:BP","low-density lipoprotein particle clearance",20972,8034,"GO:0034381"
"query_1",TRUE,0.0040341469106148,27,1028,7,0.00680933852140078,0.259259259259259,"GO:0036296","GO:BP","response to increased oxygen levels",20972,8924,"GO:0070482"
"query_1",TRUE,0.00412794369663452,54,1028,10,0.00972762645914397,0.185185185185185,"GO:0001913","GO:BP","T cell mediated cytotoxicity",20972,517,"GO:0001909,GO:0002456"
"query_1",TRUE,0.00412794369663452,54,1028,10,0.00972762645914397,0.185185185185185,"GO:0050819","GO:BP","negative regulation of coagulation",20972,12419,"GO:0050817,GO:0050818,GO:0051241"
"query_1",TRUE,0.00412877357384672,13,1028,5,0.00486381322957198,0.384615384615385,"GO:0001765","GO:BP","membrane raft assembly",20972,418,"GO:0031579,GO:0071709"
"query_1",TRUE,0.00412877357384672,13,1028,5,0.00486381322957198,0.384615384615385,"GO:0097707","GO:BP","ferroptosis",20972,17504,"GO:0012501"
"query_1",TRUE,0.00412877357384672,196,1028,22,0.0214007782101167,0.112244897959184,"GO:0050851","GO:BP","antigen receptor-mediated signaling pathway",20972,12436,"GO:0002429"
"query_1",TRUE,0.00412877357384672,13,1028,5,0.00486381322957198,0.384615384615385,"GO:0046348","GO:BP","amino sugar catabolic process",20972,11284,"GO:0006040,GO:1901136"
"query_1",TRUE,0.00412877357384672,13,1028,5,0.00486381322957198,0.384615384615385,"GO:0002003","GO:BP","angiotensin maturation",20972,593,"GO:0002002,GO:0016486"
"query_1",TRUE,0.00419127324770521,94,664,16,0.0240963855421687,0.170212765957447,"REAC:R-HSA-4420097","REAC","VEGFA-VEGFR2 Pathway",11056,2729,"REAC:R-HSA-194138"
"query_1",TRUE,0.00426177271704575,673,1028,54,0.0525291828793774,0.0802377414561664,"GO:0061061","GO:BP","muscle structure development",20972,14123,"GO:0048856"
"query_1",TRUE,0.00428103797202093,780,664,72,0.108433734939759,0.0923076923076923,"REAC:R-HSA-1280215","REAC","Cytokine Signaling in Immune system",11056,441,"REAC:R-HSA-168256"
"query_1",TRUE,0.00434690517707485,5493,1028,318,0.309338521400778,0.0578918623702895,"GO:0051179","GO:BP","localization",20972,12665,"GO:0008150"
"query_1",TRUE,0.0043542846416412,852,1028,65,0.0632295719844358,0.0762910798122066,"GO:0045597","GO:BP","positive regulation of cell differentiation",20972,10679,"GO:0030154,GO:0045595,GO:0048522,GO:0051094"
"query_1",TRUE,0.00435961968436996,197,1028,22,0.0214007782101167,0.111675126903553,"GO:0001659","GO:BP","temperature homeostasis",20972,360,"GO:0048871"
"query_1",TRUE,0.00435961968436996,351,1028,33,0.0321011673151751,0.094017094017094,"GO:0071375","GO:BP","cellular response to peptide hormone stimulus",20972,15491,"GO:0032870,GO:0043434,GO:1901699,GO:1901701"
"query_1",TRUE,0.00440840299024938,171,1028,20,0.0194552529182879,0.116959064327485,"GO:1902905","GO:BP","positive regulation of supramolecular fiber organization",20972,21053,"GO:0051130,GO:0097435,GO:1902903"
"query_1",TRUE,0.00444467353296762,45,1028,9,0.00875486381322957,0.2,"GO:0031638","GO:BP","zymogen activation",20972,6785,"GO:0016485"
"query_1",TRUE,0.00450107853531433,36,1028,8,0.00778210116731518,0.222222222222222,"GO:0002474","GO:BP","antigen processing and presentation of peptide antigen via MHC class I",20972,955,"GO:0048002"
"query_1",TRUE,0.00450305337936129,21,664,7,0.0105421686746988,0.333333333333333,"REAC:R-HSA-5627123","REAC","RHO GTPases activate PAKs",11056,1929,"REAC:R-HSA-195258"
"query_1",TRUE,0.00455999165557531,65,1028,11,0.0107003891050584,0.169230769230769,"GO:0036005","GO:BP","response to macrophage colony-stimulating factor",20972,8776,"GO:0034097"
"query_1",TRUE,0.00455999165557531,20,1028,6,0.00583657587548638,0.3,"GO:0055093","GO:BP","response to hyperoxia",20972,13268,"GO:0006950,GO:0036296"
"query_1",TRUE,0.00459270873152295,98,1028,14,0.0136186770428016,0.142857142857143,"GO:2001237","GO:BP","negative regulation of extrinsic apoptotic signaling pathway",20972,24478,"GO:0097191,GO:2001234,GO:2001236"
"query_1",TRUE,0.00463810642067549,55,1028,10,0.00972762645914397,0.181818181818182,"GO:0038145","GO:BP","macrophage colony-stimulating factor signaling pathway",20972,9099,"GO:0019221,GO:0036006"
"query_1",TRUE,0.00463810642067549,159,1028,19,0.0184824902723735,0.119496855345912,"GO:0072006","GO:BP","nephron development",20972,15893,"GO:0001822,GO:0048856"
"query_1",TRUE,0.00474067099527725,76,1028,12,0.0116731517509728,0.157894736842105,"GO:0050818","GO:BP","regulation of coagulation",20972,12418,"GO:0050817,GO:0051239"
"query_1",TRUE,0.00474067099527725,76,1028,12,0.0116731517509728,0.157894736842105,"GO:0048661","GO:BP","positive regulation of smooth muscle cell proliferation",20972,12070,"GO:0008284,GO:0048659,GO:0048660"
"query_1",TRUE,0.00476412226384713,677,1028,54,0.0525291828793774,0.0797636632200886,"GO:0032870","GO:BP","cellular response to hormone stimulus",20972,7355,"GO:0009725,GO:0070887,GO:0071495"
"query_1",TRUE,0.00488526628507022,28,1028,7,0.00680933852140078,0.25,"GO:1905523","GO:BP","positive regulation of macrophage migration",20972,22901,"GO:0071677,GO:1905517,GO:1905521"
"query_1",TRUE,0.00511333740669881,66,1028,11,0.0107003891050584,0.166666666666667,"GO:0001885","GO:BP","endothelial cell development",20972,499,"GO:0002064,GO:0045446"
"query_1",TRUE,0.00511333740669881,66,1028,11,0.0107003891050584,0.166666666666667,"GO:0014909","GO:BP","smooth muscle cell migration",20972,4551,"GO:0014812"
"query_1",TRUE,0.00511333740669881,1126,1028,81,0.0787937743190661,0.0719360568383659,"GO:0009790","GO:BP","embryo development",20972,3517,"GO:0007275"
"query_1",TRUE,0.00512937383653701,46,1028,9,0.00875486381322957,0.195652173913043,"GO:0097028","GO:BP","dendritic cell differentiation",20972,17234,"GO:1903131"
"query_1",TRUE,0.00516900935297094,200,1028,22,0.0214007782101167,0.11,"GO:0050679","GO:BP","positive regulation of epithelial cell proliferation",20972,12354,"GO:0008284,GO:0050673,GO:0050678"
"query_1",TRUE,0.00516900935297094,3152,1028,194,0.188715953307393,0.0615482233502538,"GO:0010604","GO:BP","positive regulation of macromolecule metabolic process",20972,4065,"GO:0009893,GO:0043170,GO:0060255"
"query_1",TRUE,0.00516900935297094,8,1028,4,0.00389105058365759,0.5,"GO:0031620","GO:BP","regulation of fever generation",20972,6774,"GO:0001660,GO:0002673,GO:0031650"
"query_1",TRUE,0.00516900935297094,8,1028,4,0.00389105058365759,0.5,"GO:0070640","GO:BP","vitamin D3 metabolic process",20972,15106,"GO:0042359,GO:1902652"
"query_1",TRUE,0.0051725291306956,88,1028,13,0.0126459143968872,0.147727272727273,"GO:0001938","GO:BP","positive regulation of endothelial cell proliferation",20972,539,"GO:0001935,GO:0001936,GO:0050679"
"query_1",TRUE,0.0051725291306956,88,1028,13,0.0126459143968872,0.147727272727273,"GO:0007492","GO:BP","endoderm development",20972,2842,"GO:0009888"
"query_1",TRUE,0.00522884082549449,56,1028,10,0.00972762645914397,0.178571428571429,"GO:0035790","GO:BP","platelet-derived growth factor receptor-alpha signaling pathway",20972,8653,"GO:0048008"
"query_1",TRUE,0.00523731565305636,43,664,10,0.0150602409638554,0.232558139534884,"REAC:R-HSA-445355","REAC","Smooth Muscle Contraction",11056,2433,"REAC:R-HSA-397014"
"query_1",TRUE,0.00525483894323211,37,1028,8,0.00778210116731518,0.216216216216216,"GO:0045429","GO:BP","positive regulation of nitric oxide biosynthetic process",20972,10604,"GO:0006809,GO:0009891,GO:0045428"
"query_1",TRUE,0.00545381570044625,100,1028,14,0.0136186770428016,0.14,"GO:0032355","GO:BP","response to estradiol",20972,7026,"GO:0033993,GO:1901700"
"query_1",TRUE,0.00566967058702667,175,1028,20,0.0194552529182879,0.114285714285714,"GO:0007009","GO:BP","plasma membrane organization",20972,2488,"GO:0010256,GO:0061024"
"query_1",TRUE,0.00575041134754043,14,1028,5,0.00486381322957198,0.357142857142857,"GO:0002002","GO:BP","regulation of angiotensin levels in blood",20972,592,"GO:0001991,GO:0010817"
"query_1",TRUE,0.00580189218031429,137,1028,17,0.0165369649805447,0.124087591240876,"GO:0008360","GO:BP","regulation of cell shape",20972,3039,"GO:0022604,GO:0065008"
"query_1",TRUE,0.00580189218031429,21,1028,6,0.00583657587548638,0.285714285714286,"GO:0010759","GO:BP","positive regulation of macrophage chemotaxis",20972,4179,"GO:0002690,GO:0010758,GO:0048246,GO:0071622,GO:1905523"
"query_1",TRUE,0.00580189218031429,21,1028,6,0.00583657587548638,0.285714285714286,"GO:0042359","GO:BP","vitamin D metabolic process",20972,9468,"GO:0008202"
"query_1",TRUE,0.00580225323206804,78,1028,12,0.0116731517509728,0.153846153846154,"GO:0097006","GO:BP","regulation of plasma lipoprotein particle levels",20972,17224,"GO:0050789"
"query_1",TRUE,0.00590906998064137,118,561,18,0.0320855614973262,0.152542372881356,"KEGG:04668","KEGG","TNF signaling pathway",8716,355,"KEGG:00000"
"query_1",TRUE,0.00595334033069614,57,1028,10,0.00972762645914397,0.175438596491228,"GO:0030865","GO:BP","cortical cytoskeleton organization",20972,6499,"GO:0007010"
"query_1",TRUE,0.00595957315735522,125,1028,16,0.0155642023346304,0.128,"GO:0048660","GO:BP","regulation of smooth muscle cell proliferation",20972,12069,"GO:0042127,GO:0048659"
"query_1",TRUE,0.00599119496177071,1566,1028,106,0.103112840466926,0.0676883780332056,"GO:0051049","GO:BP","regulation of transport",20972,12588,"GO:0006810,GO:0032879"
"query_1",TRUE,0.00610709578068693,374,1028,34,0.0330739299610895,0.0909090909090909,"GO:0006979","GO:BP","response to oxidative stress",20972,2471,"GO:0006950"
"query_1",TRUE,0.00613576926365487,816,1028,62,0.0603112840466926,0.0759803921568627,"GO:0060284","GO:BP","regulation of cell development",20972,13512,"GO:0045595,GO:0048468"
"query_1",TRUE,0.00618758272029389,3,664,3,0.00451807228915663,1,"REAC:R-HSA-9845622","REAC","Defective VWF binding to collagen type I ",11056,707,"REAC:R-HSA-9823587"
"query_1",TRUE,0.0061903086437464,38,1028,8,0.00778210116731518,0.210526315789474,"GO:0090077","GO:BP","foam cell differentiation",20972,16808,"GO:0030154"
"query_1",TRUE,0.0061903086437464,38,1028,8,0.00778210116731518,0.210526315789474,"GO:0010742","GO:BP","macrophage derived foam cell differentiation",20972,4164,"GO:0090077"
"query_1",TRUE,0.00619391614005646,450,1028,39,0.0379377431906615,0.0866666666666667,"GO:0043410","GO:BP","positive regulation of MAPK cascade",20972,10007,"GO:0000165,GO:0043408,GO:1902533"
"query_1",TRUE,0.00619391614005646,2538,1028,160,0.155642023346304,0.0630417651694247,"GO:0010557","GO:BP","positive regulation of macromolecule biosynthetic process",20972,4024,"GO:0009059,GO:0009891,GO:0010556,GO:0010604"
"query_1",TRUE,0.00640281287272961,79,1028,12,0.0116731517509728,0.151898734177215,"GO:0043297","GO:BP","apical junction assembly",20972,9936,"GO:0007043"
"query_1",TRUE,0.00640281287272961,126,1028,16,0.0155642023346304,0.126984126984127,"GO:0002824","GO:BP","positive regulation of adaptive immune response based on somatic recombination of immune receptors built from immunoglobulin superfamily domains",20972,1288,"GO:0002460,GO:0002821,GO:0002822"
"query_1",TRUE,0.00641278323759953,331,1028,31,0.0301556420233463,0.0936555891238671,"GO:0072001","GO:BP","renal system development",20972,15888,"GO:0048731"
"query_1",TRUE,0.00641288615819678,451,1028,39,0.0379377431906615,0.0864745011086474,"GO:0010876","GO:BP","lipid localization",20972,4255,"GO:0033036"
"query_1",TRUE,0.00642768229369231,4,1028,3,0.00291828793774319,0.75,"GO:0015988","GO:BP","energy coupled proton transmembrane transport, against electrochemical gradient",20972,4822,"GO:1902600"
"query_1",TRUE,0.00642768229369231,4,1028,3,0.00291828793774319,0.75,"GO:0002892","GO:BP","regulation of type II hypersensitivity",20972,1356,"GO:0002445,GO:0002883,GO:0002886,GO:0002889"
"query_1",TRUE,0.00642768229369231,4,1028,3,0.00291828793774319,0.75,"GO:0015990","GO:BP","electron transport coupled proton transport",20972,4823,"GO:0015988"
"query_1",TRUE,0.00642768229369231,4,1028,3,0.00291828793774319,0.75,"GO:0002265","GO:BP","astrocyte activation involved in immune response",20972,773,"GO:0002263,GO:0048143"
"query_1",TRUE,0.00642768229369231,4,1028,3,0.00291828793774319,0.75,"GO:0001796","GO:BP","regulation of type IIa hypersensitivity",20972,440,"GO:0001794,GO:0002892"
"query_1",TRUE,0.00694901129291367,1574,1028,106,0.103112840466926,0.0673443456162643,"GO:0051246","GO:BP","regulation of protein metabolic process",20972,12695,"GO:0019538,GO:0060255,GO:0080090"
"query_1",TRUE,0.00700929009963116,192,1028,21,0.0204280155642023,0.109375,"GO:0048736","GO:BP","appendage development",20972,12143,"GO:0007275,GO:0048856"
"query_1",TRUE,0.00700929009963116,233,1028,24,0.0233463035019455,0.103004291845494,"GO:0046034","GO:BP","ATP metabolic process",20972,11030,"GO:0009150,GO:0009205"
"query_1",TRUE,0.00700929009963116,80,1028,12,0.0116731517509728,0.15,"GO:0014812","GO:BP","muscle cell migration",20972,4474,"GO:0016477"
"query_1",TRUE,0.00700929009963116,233,1028,24,0.0233463035019455,0.103004291845494,"GO:0097191","GO:BP","extrinsic apoptotic signaling pathway",20972,17314,"GO:0007166,GO:0097190"
"query_1",TRUE,0.00700929009963116,192,1028,21,0.0204280155642023,0.109375,"GO:0060173","GO:BP","limb development",20972,13429,"GO:0048736"
"query_1",TRUE,0.00706524950526815,363,1028,33,0.0321011673151751,0.0909090909090909,"GO:0002696","GO:BP","positive regulation of leukocyte activation",20972,1168,"GO:0002684,GO:0002694,GO:0045321,GO:0050867"
"query_1",TRUE,0.00706773316514555,393,1028,35,0.0340466926070039,0.089058524173028,"GO:0032102","GO:BP","negative regulation of response to external stimulus",20972,6888,"GO:0009605,GO:0032101,GO:0048585"
"query_1",TRUE,0.00716335143620919,39,1028,8,0.00778210116731518,0.205128205128205,"GO:1904646","GO:BP","cellular response to amyloid-beta",20972,22258,"GO:1901699,GO:1901701,GO:1904645"
"query_1",TRUE,0.00721309589933228,22,1028,6,0.00583657587548638,0.272727272727273,"GO:0061450","GO:BP","trophoblast cell migration",20972,14400,"GO:0001667,GO:0007566"
"query_1",TRUE,0.00725879272356074,11,664,5,0.00753012048192771,0.454545454545455,"REAC:R-HSA-430116","REAC","GP1b-IX-V activation signalling",11056,1064,"REAC:R-HSA-76002"
"query_1",TRUE,0.00725879272356074,11,664,5,0.00753012048192771,0.454545454545455,"REAC:R-HSA-9664873","REAC","Pexophagy",11056,1799,"REAC:R-HSA-9663891"
"query_1",TRUE,0.00726668079921753,45,664,10,0.0150602409638554,0.222222222222222,"REAC:R-HSA-6783783","REAC","Interleukin-10 signaling",11056,1285,"REAC:R-HSA-449147"
"query_1",TRUE,0.00737301990768876,128,1028,16,0.0155642023346304,0.125,"GO:0048659","GO:BP","smooth muscle cell proliferation",20972,12068,"GO:0033002"
"query_1",TRUE,0.00746341923546021,320,1028,30,0.0291828793774319,0.09375,"GO:0001822","GO:BP","kidney development",20972,466,"GO:0048513,GO:0072001"
"query_1",TRUE,0.00746341923546021,59,1028,10,0.00972762645914397,0.169491525423729,"GO:0014910","GO:BP","regulation of smooth muscle cell migration",20972,4552,"GO:0014909,GO:0030334"
"query_1",TRUE,0.00761681842733442,49,1028,9,0.00875486381322957,0.183673469387755,"GO:0071526","GO:BP","semaphorin-plexin signaling pathway",20972,15608,"GO:0007166"
"query_1",TRUE,0.00768279458077782,15,1028,5,0.00486381322957198,0.333333333333333,"GO:0001768","GO:BP","establishment of T cell polarity",20972,421,"GO:0001767,GO:0042110"
"query_1",TRUE,0.00771689657167329,2645,1028,165,0.160505836575875,0.0623818525519849,"GO:0009891","GO:BP","positive regulation of biosynthetic process",20972,3590,"GO:0009058,GO:0009889,GO:0009893"
"query_1",TRUE,0.00775082503569194,249,1028,25,0.0243190661478599,0.100401606425703,"GO:0010001","GO:BP","glial cell differentiation",20972,3660,"GO:0030154,GO:0042063"
"query_1",TRUE,0.0079204349261465,457,1028,39,0.0379377431906615,0.0853391684901532,"GO:0007015","GO:BP","actin filament organization",20972,2491,"GO:0030036,GO:0097435"
"query_1",TRUE,0.00808323030156738,9,1028,4,0.00389105058365759,0.444444444444444,"GO:0110076","GO:BP","negative regulation of ferroptosis",20972,18133,"GO:0043069,GO:0097707,GO:0110075"
"query_1",TRUE,0.00808323030156738,9,1028,4,0.00389105058365759,0.444444444444444,"GO:0031652","GO:BP","positive regulation of heat generation",20972,6799,"GO:0031649,GO:0031650,GO:0051240"
"query_1",TRUE,0.00808323030156738,9,1028,4,0.00389105058365759,0.444444444444444,"GO:0044854","GO:BP","plasma membrane raft assembly",20972,10441,"GO:0001765,GO:0044857"
"query_1",TRUE,0.00818361675596297,293,1028,28,0.0272373540856031,0.0955631399317406,"GO:0030336","GO:BP","negative regulation of cell migration",20972,6341,"GO:0016477,GO:0030334,GO:2000146"
"query_1",TRUE,0.00836884120171153,308,1028,29,0.0282101167315175,0.0941558441558442,"GO:2000146","GO:BP","negative regulation of cell motility",20972,23635,"GO:0040013,GO:0048523,GO:0048870,GO:2000145"
"query_1",TRUE,0.00838799922627723,17,664,6,0.00903614457831325,0.352941176470588,"REAC:R-HSA-2022377","REAC","Metabolism of Angiotensinogen to Angiotensins",11056,1480,"REAC:R-HSA-2980736"
"query_1",TRUE,0.00838799922627723,111,664,17,0.0256024096385542,0.153153153153153,"REAC:R-HSA-166658","REAC","Complement cascade",11056,406,"REAC:R-HSA-168249"
"query_1",TRUE,0.00838799922627723,38,664,9,0.0135542168674699,0.236842105263158,"REAC:R-HSA-76009","REAC","Platelet Aggregation (Plug Formation)",11056,1833,"REAC:R-HSA-76002"
"query_1",TRUE,0.00838842978333158,60,1028,10,0.00972762645914397,0.166666666666667,"GO:0072577","GO:BP","endothelial cell apoptotic process",20972,16271,"GO:0006915"
"query_1",TRUE,0.0084121377360232,31,1028,7,0.00680933852140078,0.225806451612903,"GO:0001945","GO:BP","lymph vessel development",20972,543,"GO:0001944,GO:0048856"
"query_1",TRUE,0.00849586131405164,130,1028,16,0.0155642023346304,0.123076923076923,"GO:0042476","GO:BP","odontogenesis",20972,9555,"GO:0009887"
"query_1",TRUE,0.00849586131405164,130,1028,16,0.0155642023346304,0.123076923076923,"GO:0097237","GO:BP","cellular response to toxic substance",20972,17331,"GO:0009636,GO:0070887"
"query_1",TRUE,0.0086541961828569,50,1028,9,0.00875486381322957,0.18,"GO:0036323","GO:BP","vascular endothelial growth factor receptor-1 signaling pathway",20972,8941,"GO:0048010"
"query_1",TRUE,0.00866783377796747,2196,1028,140,0.136186770428016,0.063752276867031,"GO:0006796","GO:BP","phosphate-containing compound metabolic process",20972,2354,"GO:0006793"
"query_1",TRUE,0.00866783377796747,169,1028,19,0.0184824902723735,0.112426035502959,"GO:0007156","GO:BP","homophilic cell-cell adhesion",20972,2586,"GO:0098609"
"query_1",TRUE,0.00875914171832475,196,1028,21,0.0204280155642023,0.107142857142857,"GO:0046631","GO:BP","alpha-beta T cell activation",20972,11430,"GO:0042110"
"query_1",TRUE,0.00895264398797987,23,1028,6,0.00583657587548638,0.260869565217391,"GO:0045953","GO:BP","negative regulation of natural killer cell mediated cytotoxicity",20972,10966,"GO:0001911,GO:0002716,GO:0042267,GO:0042269"
"query_1",TRUE,0.00895264398797987,23,1028,6,0.00583657587548638,0.260869565217391,"GO:0009110","GO:BP","vitamin biosynthetic process",20972,3129,"GO:0006766,GO:0044283"
"query_1",TRUE,0.00909685745841777,2199,1028,140,0.136186770428016,0.0636653024101864,"GO:0006793","GO:BP","phosphorus metabolic process",20972,2351,"GO:0008152"
"query_1",TRUE,0.00929429389921418,340,1028,31,0.0301556420233463,0.0911764705882353,"GO:0032956","GO:BP","regulation of actin cytoskeleton organization",20972,7427,"GO:0030036,GO:0032970,GO:0051493"
"query_1",TRUE,0.00934912375313689,61,1028,10,0.00972762645914397,0.163934426229508,"GO:0051893","GO:BP","regulation of focal adhesion assembly",20972,13045,"GO:0001952,GO:0048041,GO:0090109"
"query_1",TRUE,0.00934912375313689,61,1028,10,0.00972762645914397,0.163934426229508,"GO:0090109","GO:BP","regulation of cell-substrate junction assembly",20972,16834,"GO:0007044,GO:0150116,GO:1901888"
"query_1",TRUE,0.00934912375313689,61,1028,10,0.00972762645914397,0.163934426229508,"GO:0036006","GO:BP","cellular response to macrophage colony-stimulating factor stimulus",20972,8777,"GO:0036005,GO:0071345"
"query_1",TRUE,0.00951810558762697,72,1028,11,0.0107003891050584,0.152777777777778,"GO:0048678","GO:BP","response to axon injury",20972,12086,"GO:0009611"
"query_1",TRUE,0.00958772829558892,7,664,4,0.00602409638554217,0.571428571428571,"REAC:R-HSA-9846298","REAC","Defective binding of VWF variant to GPIb:IX:V",11056,710,"REAC:R-HSA-9823587"
"query_1",TRUE,0.00958772829558892,7,664,4,0.00602409638554217,0.571428571428571,"REAC:R-HSA-174577","REAC","Activation of C3 and C5",11056,86,"REAC:R-HSA-166658"
"query_1",TRUE,0.00958772829558892,7,664,4,0.00602409638554217,0.571428571428571,"REAC:R-HSA-9845620","REAC","Enhanced binding of GP1BA variant to VWF multimer:collagen ",11056,883,"REAC:R-HSA-9823587"
"query_1",TRUE,0.00960434491127145,95,1028,13,0.0126459143968872,0.136842105263158,"GO:0098869","GO:BP","cellular oxidant detoxification",20972,17680,"GO:1990748"
"query_1",TRUE,0.00961984029935095,107,1028,14,0.0136186770428016,0.130841121495327,"GO:0022612","GO:BP","gland morphogenesis",20972,6184,"GO:0009887,GO:0048732"
"query_1",TRUE,0.00977539246144321,132,1028,16,0.0155642023346304,0.121212121212121,"GO:0002821","GO:BP","positive regulation of adaptive immune response",20972,1285,"GO:0002250,GO:0002819,GO:0050778"
"query_1",TRUE,0.0101532925729619,16,1028,5,0.00486381322957198,0.3125,"GO:0001767","GO:BP","establishment of lymphocyte polarity",20972,420,"GO:0030010,GO:0046649"
"query_1",TRUE,0.0101532925729619,16,1028,5,0.00486381322957198,0.3125,"GO:0030852","GO:BP","regulation of granulocyte differentiation",20972,6488,"GO:0002761,GO:0030851"
"query_1",TRUE,0.010191136874356,3410,1028,205,0.199416342412451,0.0601173020527859,"GO:0009893","GO:BP","positive regulation of metabolic process",20972,3592,"GO:0008152,GO:0019222,GO:0048522"
"query_1",TRUE,0.010191136874356,120,1028,15,0.014591439688716,0.125,"GO:0006720","GO:BP","isoprenoid metabolic process",20972,2302,"GO:0006629"
"query_1",TRUE,0.0104894809549022,62,1028,10,0.00972762645914397,0.161290322580645,"GO:0071715","GO:BP","icosanoid transport",20972,15735,"GO:0046942"
"query_1",TRUE,0.0104903968927697,213,1028,22,0.0214007782101167,0.103286384976526,"GO:0050866","GO:BP","negative regulation of cell activation",20972,12451,"GO:0001775,GO:0048523,GO:0050865,GO:0051241"
"query_1",TRUE,0.0105652398290231,159,1028,18,0.0175097276264591,0.113207547169811,"GO:0048754","GO:BP","branching morphogenesis of an epithelial tube",20972,12155,"GO:0035239,GO:0060562,GO:0061138"
"query_1",TRUE,0.010569220202007,5753,1028,327,0.318093385214008,0.0568399096123762,"GO:0048519","GO:BP","negative regulation of biological process",20972,11953,"GO:0008150,GO:0050789"
"query_1",TRUE,0.0105779877619434,146,1028,17,0.0165369649805447,0.116438356164384,"GO:0007584","GO:BP","response to nutrient",20972,2906,"GO:0031667,GO:0042221"
"query_1",TRUE,0.010657189378684,4804,1028,278,0.270428015564202,0.0578684429641965,"GO:0051234","GO:BP","establishment of localization",20972,12687,"GO:0051179"
"query_1",TRUE,0.0106886038796494,186,1028,20,0.0194552529182879,0.10752688172043,"GO:0008154","GO:BP","actin polymerization or depolymerization",20972,2987,"GO:0007015"
"query_1",TRUE,0.0108374811359142,329,1028,30,0.0291828793774319,0.0911854103343465,"GO:1902105","GO:BP","regulation of leukocyte differentiation",20972,20532,"GO:0002521,GO:1903706"
"query_1",TRUE,0.011004135134096,214,1028,22,0.0214007782101167,0.102803738317757,"GO:0002064","GO:BP","epithelial cell development",20972,636,"GO:0030855,GO:0048468"
"query_1",TRUE,0.011004135134096,214,1028,22,0.0214007782101167,0.102803738317757,"GO:0009612","GO:BP","response to mechanical stimulus",20972,3383,"GO:0009605,GO:0009628"
"query_1",TRUE,0.0110152006118359,52,1028,9,0.00875486381322957,0.173076923076923,"GO:0071622","GO:BP","regulation of granulocyte chemotaxis",20972,15661,"GO:0002688,GO:0071621"
"query_1",TRUE,0.0110152006118359,42,1028,8,0.00778210116731518,0.19047619047619,"GO:0002861","GO:BP","regulation of inflammatory response to antigenic stimulus",20972,1325,"GO:0002437,GO:0050727,GO:0050776"
"query_1",TRUE,0.0113499784645822,257,1028,25,0.0243190661478599,0.0972762645914397,"GO:0009205","GO:BP","purine ribonucleoside triphosphate metabolic process",20972,3217,"GO:0009144"
"query_1",TRUE,0.0115698915145322,74,1028,11,0.0107003891050584,0.148648648648649,"GO:0045123","GO:BP","cellular extravasation",20972,10530,"GO:0050900"
"query_1",TRUE,0.0115698915145322,74,1028,11,0.0107003891050584,0.148648648648649,"GO:0014823","GO:BP","response to activity",20972,4484,"GO:0050896"
"query_1",TRUE,0.0115903916044487,63,1028,10,0.00972762645914397,0.158730158730159,"GO:0035791","GO:BP","platelet-derived growth factor receptor-beta signaling pathway",20972,8654,"GO:0048008"
"query_1",TRUE,0.0115903916044487,63,1028,10,0.00972762645914397,0.158730158730159,"GO:0071709","GO:BP","membrane assembly",20972,15732,"GO:0022607,GO:0044091,GO:0061024"
"query_1",TRUE,0.0116525819578101,115,561,17,0.0303030303030303,0.147826086956522,"KEGG:04670","KEGG","Leukocyte transendothelial migration",8716,356,"KEGG:00000"
"query_1",TRUE,0.0118627762096842,86,561,14,0.0249554367201426,0.162790697674419,"KEGG:05412","KEGG","Arrhythmogenic right ventricular cardiomyopathy",8716,506,"KEGG:00000"
"query_1",TRUE,0.0118920144267844,258,1028,25,0.0243190661478599,0.0968992248062016,"GO:1901888","GO:BP","regulation of cell junction assembly",20972,20377,"GO:0034329,GO:0044087,GO:0051128"
"query_1",TRUE,0.0118976584454244,10,1028,4,0.00389105058365759,0.4,"GO:0019062","GO:BP","virion attachment to host cell",20972,5237,"GO:0019058,GO:0044650"
"query_1",TRUE,0.0118976584454244,10,1028,4,0.00389105058365759,0.4,"GO:0001660","GO:BP","fever generation",20972,361,"GO:0006953,GO:0031649"
"query_1",TRUE,0.0118976584454244,10,1028,4,0.00389105058365759,0.4,"GO:1903596","GO:BP","regulation of gap junction assembly",20972,21522,"GO:0016264,GO:1901888"
"query_1",TRUE,0.0120424022832298,860,1028,63,0.061284046692607,0.0732558139534884,"GO:0030001","GO:BP","metal ion transport",20972,6211,"GO:0006812"
"query_1",TRUE,0.0120674291334905,86,1028,12,0.0116731517509728,0.13953488372093,"GO:0001523","GO:BP","retinoid metabolic process",20972,317,"GO:0016101"
"query_1",TRUE,0.0120674291334905,202,1028,21,0.0204280155642023,0.103960396039604,"GO:0031032","GO:BP","actomyosin structure organization",20972,6557,"GO:0030036"
"query_1",TRUE,0.0123671375219636,53,1028,9,0.00875486381322957,0.169811320754717,"GO:0036215","GO:BP","response to stem cell factor",20972,8880,"GO:0034097"
"query_1",TRUE,0.0123671375219636,53,1028,9,0.00875486381322957,0.169811320754717,"GO:0038109","GO:BP","Kit signaling pathway",20972,9076,"GO:0007169,GO:0019221,GO:0036216"
"query_1",TRUE,0.0123671375219636,53,1028,9,0.00875486381322957,0.169811320754717,"GO:0036216","GO:BP","cellular response to stem cell factor stimulus",20972,8881,"GO:0036215,GO:0071345"
"query_1",TRUE,0.0125449998673396,169,561,22,0.0392156862745098,0.130177514792899,"KEGG:04530","KEGG","Tight junction",8716,330,"KEGG:00000"
"query_1",TRUE,0.0126747210711281,75,1028,11,0.0107003891050584,0.146666666666667,"GO:0043112","GO:BP","receptor metabolic process",20972,9871,"GO:0043170"
"query_1",TRUE,0.012708438897784,1555,1028,103,0.100194552529183,0.0662379421221865,"GO:0055085","GO:BP","transmembrane transport",20972,13261,"GO:0006810,GO:0009987"
"query_1",TRUE,0.0128324709840802,615,1028,48,0.046692607003891,0.0780487804878049,"GO:0030031","GO:BP","cell projection assembly",20972,6220,"GO:0022607,GO:0030030"
"query_1",TRUE,0.0129649899392354,425,1028,36,0.0350194552529183,0.0847058823529412,"GO:1903706","GO:BP","regulation of hemopoiesis",20972,21591,"GO:0002682,GO:0030097,GO:0060284,GO:2000026"
"query_1",TRUE,0.0129708119976039,17,1028,5,0.00486381322957198,0.294117647058824,"GO:0051014","GO:BP","actin filament severing",20972,12569,"GO:0030029"
"query_1",TRUE,0.0129708119976039,17,1028,5,0.00486381322957198,0.294117647058824,"GO:0072224","GO:BP","metanephric glomerulus development",20972,16091,"GO:0032835,GO:0072210"
"query_1",TRUE,0.012986534006593,76,664,13,0.019578313253012,0.171052631578947,"REAC:R-HSA-166663","REAC","Initial triggering of complement",11056,1250,"REAC:R-HSA-166658"
"query_1",TRUE,0.0132509414319053,5,1028,3,0.00291828793774319,0.6,"GO:0036378","GO:BP","calcitriol biosynthetic process from calciol",20972,8969,"GO:0042368,GO:0046173,GO:0070640"
"query_1",TRUE,0.0132509414319053,5,1028,3,0.00291828793774319,0.6,"GO:1902396","GO:BP","protein localization to bicellular tight junction",20972,20733,"GO:0150105"
"query_1",TRUE,0.0132509414319053,5,1028,3,0.00291828793774319,0.6,"GO:0001920","GO:BP","negative regulation of receptor recycling",20972,522,"GO:0001881,GO:0001919,GO:0010605,GO:0023057"
"query_1",TRUE,0.0132509414319053,584,1028,46,0.0447470817120623,0.0787671232876712,"GO:0048667","GO:BP","cell morphogenesis involved in neuron differentiation",20972,12076,"GO:0000902,GO:0048666"
"query_1",TRUE,0.0132509414319053,5,1028,3,0.00291828793774319,0.6,"GO:1905908","GO:BP","positive regulation of amyloid fibril formation",20972,23173,"GO:0051247,GO:1902905,GO:1905906,GO:1990000"
"query_1",TRUE,0.0132542252822118,457,1028,38,0.0369649805447471,0.0831509846827133,"GO:0043434","GO:BP","response to peptide hormone",20972,10018,"GO:0009725,GO:1901698,GO:1901700"
"query_1",TRUE,0.0133318375060646,124,1028,15,0.014591439688716,0.120967741935484,"GO:0002761","GO:BP","regulation of myeloid leukocyte differentiation",20972,1226,"GO:0002573,GO:0045637,GO:1902105"
"query_1",TRUE,0.0134533375251493,150,1028,17,0.0165369649805447,0.113333333333333,"GO:0120161","GO:BP","regulation of cold-induced thermogenesis",20972,18259,"GO:0051239,GO:0106106"
"query_1",TRUE,0.0134858417429805,137,1028,16,0.0155642023346304,0.116788321167883,"GO:0046632","GO:BP","alpha-beta T cell differentiation",20972,11431,"GO:0030217,GO:0046631"
"query_1",TRUE,0.013729890975859,396,1028,34,0.0330739299610895,0.0858585858585859,"GO:0009410","GO:BP","response to xenobiotic stimulus",20972,3319,"GO:0042221"
"query_1",TRUE,0.014277371420179,44,1028,8,0.00778210116731518,0.181818181818182,"GO:0032964","GO:BP","collagen biosynthetic process",20972,7435,"GO:0009058,GO:0032963"
"query_1",TRUE,0.014277371420179,428,1028,36,0.0350194552529183,0.0841121495327103,"GO:0003012","GO:BP","muscle system process",20972,1414,"GO:0003008"
"query_1",TRUE,0.014277371420179,100,1028,13,0.0126459143968872,0.13,"GO:0050764","GO:BP","regulation of phagocytosis",20972,12379,"GO:0006909,GO:0030100"
"query_1",TRUE,0.014277371420179,44,1028,8,0.00778210116731518,0.181818181818182,"GO:0001774","GO:BP","microglial cell activation",20972,426,"GO:0002269,GO:0042116,GO:0061900"
"query_1",TRUE,0.0142835123425715,125,1028,15,0.014591439688716,0.12,"GO:0002698","GO:BP","negative regulation of immune effector process",20972,1170,"GO:0002252,GO:0002683,GO:0002697"
"query_1",TRUE,0.0142893469614333,151,1028,17,0.0165369649805447,0.112582781456954,"GO:0106106","GO:BP","cold-induced thermogenesis",20972,18003,"GO:1990845"
"query_1",TRUE,0.0144244844771662,178,1028,19,0.0184824902723735,0.106741573033708,"GO:0015718","GO:BP","monocarboxylic acid transport",20972,4599,"GO:0046942"
"query_1",TRUE,0.0147175903525576,263,1028,25,0.0243190661478599,0.0950570342205323,"GO:0009144","GO:BP","purine nucleoside triphosphate metabolic process",20972,3161,"GO:0009141"
"query_1",TRUE,0.0147175903525576,263,1028,25,0.0243190661478599,0.0950570342205323,"GO:0031348","GO:BP","negative regulation of defense response",20972,6683,"GO:0006952,GO:0031347,GO:0048585"
"query_1",TRUE,0.0148436963597814,492,1028,40,0.0389105058365759,0.0813008130081301,"GO:0001819","GO:BP","positive regulation of cytokine production",20972,463,"GO:0001816,GO:0001817,GO:0010628,GO:0051240"
"query_1",TRUE,0.0154256434279825,139,1028,16,0.0155642023346304,0.115107913669065,"GO:0046328","GO:BP","regulation of JNK cascade",20972,11266,"GO:0007254,GO:0043408"
"query_1",TRUE,0.0154482208198317,55,1028,9,0.00875486381322957,0.163636363636364,"GO:2000351","GO:BP","regulation of endothelial cell apoptotic process",20972,23796,"GO:0042981,GO:0072577"
"query_1",TRUE,0.0154482208198317,55,1028,9,0.00875486381322957,0.163636363636364,"GO:0043536","GO:BP","positive regulation of blood vessel endothelial cell migration",20972,10077,"GO:0010595,GO:0043534,GO:0043535"
"query_1",TRUE,0.0154482208198317,55,1028,9,0.00875486381322957,0.163636363636364,"GO:0010718","GO:BP","positive regulation of epithelial to mesenchymal transition",20972,4150,"GO:0001837,GO:0010717,GO:0045597,GO:0051240"
"query_1",TRUE,0.0156221203276203,66,1028,10,0.00972762645914397,0.151515151515152,"GO:0150116","GO:BP","regulation of cell-substrate junction organization",20972,18894,"GO:0051128,GO:0150115"
"query_1",TRUE,0.0156470655509084,279,1028,26,0.0252918287937743,0.0931899641577061,"GO:0009141","GO:BP","nucleoside triphosphate metabolic process",20972,3158,"GO:0006753"
"query_1",TRUE,0.0156798813289355,35,1028,7,0.00680933852140078,0.2,"GO:1904707","GO:BP","positive regulation of vascular associated smooth muscle cell proliferation",20972,22311,"GO:0048661,GO:1904705,GO:1990874"
"query_1",TRUE,0.0156798813289355,35,1028,7,0.00680933852140078,0.2,"GO:0150077","GO:BP","regulation of neuroinflammatory response",20972,18874,"GO:0050727,GO:0150076"
"query_1",TRUE,0.0156865329648602,166,1028,18,0.0175097276264591,0.108433734939759,"GO:0030162","GO:BP","regulation of proteolysis",20972,6255,"GO:0006508,GO:0051246"
"query_1",TRUE,0.0156865329648602,166,1028,18,0.0175097276264591,0.108433734939759,"GO:0070665","GO:BP","positive regulation of leukocyte proliferation",20972,15123,"GO:0008284,GO:0070661,GO:0070663"
"query_1",TRUE,0.0156947865362863,738,1028,55,0.0535019455252918,0.0745257452574526,"GO:0019725","GO:BP","cellular homeostasis",20972,5617,"GO:0042592"
"query_1",TRUE,0.0156947865362863,26,1028,6,0.00583657587548638,0.230769230769231,"GO:0010875","GO:BP","positive regulation of cholesterol efflux",20972,4254,"GO:0010874,GO:0032376,GO:0033344"
"query_1",TRUE,0.0156947865362863,26,1028,6,0.00583657587548638,0.230769230769231,"GO:0035313","GO:BP","wound healing, spreading of epidermal cells",20972,8384,"GO:0044319"
"query_1",TRUE,0.015984764404776,153,1028,17,0.0165369649805447,0.111111111111111,"GO:0035107","GO:BP","appendage morphogenesis",20972,8235,"GO:0009653,GO:0048736"
"query_1",TRUE,0.015984764404776,153,1028,17,0.0165369649805447,0.111111111111111,"GO:1905952","GO:BP","regulation of lipid localization",20972,23200,"GO:0010876,GO:0032879"
"query_1",TRUE,0.015984764404776,153,1028,17,0.0165369649805447,0.111111111111111,"GO:0035108","GO:BP","limb morphogenesis",20972,8236,"GO:0035107,GO:0060173"
"query_1",TRUE,0.0159868466184989,45,1028,8,0.00778210116731518,0.177777777777778,"GO:0031103","GO:BP","axon regeneration",20972,6581,"GO:0031102,GO:0048678,GO:0061564"
"query_1",TRUE,0.016166405871434,127,1028,15,0.014591439688716,0.118110236220472,"GO:0021782","GO:BP","glial cell development",20972,5952,"GO:0010001,GO:0048468"
"query_1",TRUE,0.0161677966399674,527,1028,42,0.0408560311284047,0.079696394686907,"GO:0043068","GO:BP","positive regulation of programmed cell death",20972,9851,"GO:0012501,GO:0043067,GO:0048522"
"query_1",TRUE,0.0163288628909757,11,1028,4,0.00389105058365759,0.363636363636364,"GO:0042368","GO:BP","vitamin D biosynthetic process",20972,9477,"GO:0006694,GO:0042359,GO:0042362"
"query_1",TRUE,0.0163288628909757,11,1028,4,0.00389105058365759,0.363636363636364,"GO:0044650","GO:BP","adhesion of symbiont to host cell",20972,10358,"GO:0044406"
"query_1",TRUE,0.0163288628909757,11,1028,4,0.00389105058365759,0.363636363636364,"GO:0019065","GO:BP","receptor-mediated endocytosis of virus by host cell",20972,5239,"GO:0006898,GO:0046718,GO:0075509"
"query_1",TRUE,0.0163288628909757,325,1028,29,0.0282101167315175,0.0892307692307692,"GO:0040013","GO:BP","negative regulation of locomotion",20972,9267,"GO:0040011,GO:0040012,GO:0048519"
"query_1",TRUE,0.0163288628909757,102,1028,13,0.0126459143968872,0.127450980392157,"GO:0002709","GO:BP","regulation of T cell mediated immunity",20972,1181,"GO:0002456,GO:0002706,GO:0002822"
"query_1",TRUE,0.0163288628909757,11,1028,4,0.00389105058365759,0.363636363636364,"GO:0046689","GO:BP","response to mercury ion",20972,11482,"GO:0010038"
"query_1",TRUE,0.0164773289441865,140,664,19,0.0286144578313253,0.135714285714286,"REAC:R-HSA-2029480","REAC","Fcgamma receptor (FCGR) dependent phagocytosis",11056,980,"REAC:R-HSA-168249"
"query_1",TRUE,0.0164851241472196,90,1028,12,0.0116731517509728,0.133333333333333,"GO:0016101","GO:BP","diterpenoid metabolic process",20972,4875,"GO:0006721"
"query_1",TRUE,0.0169171415685649,67,1028,10,0.00972762645914397,0.149253731343284,"GO:0042776","GO:BP","proton motive force-driven mitochondrial ATP synthesis",20972,9707,"GO:0006119,GO:0015986"
"query_1",TRUE,0.0169171415685649,56,1028,9,0.00875486381322957,0.160714285714286,"GO:0031529","GO:BP","ruffle organization",20972,6739,"GO:0120036"
"query_1",TRUE,0.0169171415685649,115,1028,14,0.0136186770428016,0.121739130434783,"GO:0070252","GO:BP","actin-mediated cell contraction",20972,14913,"GO:0030048"
"query_1",TRUE,0.0169574742281334,561,1028,44,0.0428015564202335,0.0784313725490196,"GO:0050808","GO:BP","synapse organization",20972,12413,"GO:0034330"
"query_1",TRUE,0.017398528412784,36,561,8,0.0142602495543672,0.222222222222222,"KEGG:05143","KEGG","African trypanosomiasis",8716,451,"KEGG:00000"
"query_1",TRUE,0.0174347428935377,8,664,4,0.00602409638554217,0.5,"REAC:R-HSA-9823587","REAC","Defects of platelet adhesion to exposed collagen",11056,737,"REAC:R-HSA-9671793"
"query_1",TRUE,0.0175818182823244,388,1028,33,0.0321011673151751,0.0850515463917526,"GO:0042692","GO:BP","muscle cell differentiation",20972,9648,"GO:0030154,GO:0061061"
"query_1",TRUE,0.0175937199516027,103,1028,13,0.0126459143968872,0.12621359223301,"GO:0032526","GO:BP","response to retinoic acid",20972,7124,"GO:0033993,GO:1901700"
"query_1",TRUE,0.0176704856333519,182,1028,19,0.0184824902723735,0.104395604395604,"GO:0008217","GO:BP","regulation of blood pressure",20972,3004,"GO:0008015,GO:0065008"
"query_1",TRUE,0.0177512576089637,79,1028,11,0.0107003891050584,0.139240506329114,"GO:0032370","GO:BP","positive regulation of lipid transport",20972,7036,"GO:0006869,GO:0032368,GO:0051050,GO:1905954"
"query_1",TRUE,0.0178200134976541,2876,1028,174,0.169260700389105,0.0605006954102921,"GO:0033036","GO:BP","macromolecule localization",20972,7480,"GO:0051179"
"query_1",TRUE,0.0178941413358145,46,1028,8,0.00778210116731518,0.173913043478261,"GO:0035094","GO:BP","response to nicotine",20972,8230,"GO:0042221"
"query_1",TRUE,0.0178941413358145,46,1028,8,0.00778210116731518,0.173913043478261,"GO:0010883","GO:BP","regulation of lipid storage",20972,4262,"GO:0019915,GO:0050794"
"query_1",TRUE,0.0178941413358145,46,1028,8,0.00778210116731518,0.173913043478261,"GO:1905521","GO:BP","regulation of macrophage migration",20972,22899,"GO:0071675,GO:1905517"
"query_1",TRUE,0.0178941413358145,46,1028,8,0.00778210116731518,0.173913043478261,"GO:0001914","GO:BP","regulation of T cell mediated cytotoxicity",20972,518,"GO:0001910,GO:0001913,GO:0002709"
"query_1",TRUE,0.0184985132076884,745,1028,55,0.0535019455252918,0.0738255033557047,"GO:0030855","GO:BP","epithelial cell differentiation",20972,6491,"GO:0030154,GO:0060429"
"query_1",TRUE,0.0184985132076884,27,1028,6,0.00583657587548638,0.222222222222222,"GO:0042026","GO:BP","protein refolding",20972,9298,"GO:0006457"
"query_1",TRUE,0.0185736088061411,68,1028,10,0.00972762645914397,0.147058823529412,"GO:0030193","GO:BP","regulation of blood coagulation",20972,6269,"GO:0007596,GO:0032101,GO:0050818,GO:0061041,GO:1900046"
"query_1",TRUE,0.0186636564545492,421,1028,35,0.0340466926070039,0.0831353919239905,"GO:0006816","GO:BP","calcium ion transport",20972,2367,"GO:0030001"
"query_1",TRUE,0.0187233479608042,57,1028,9,0.00875486381322957,0.157894736842105,"GO:1904705","GO:BP","regulation of vascular associated smooth muscle cell proliferation",20972,22309,"GO:0048660,GO:1990874"
"query_1",TRUE,0.0187233479608042,57,1028,9,0.00875486381322957,0.157894736842105,"GO:0031547","GO:BP","brain-derived neurotrophic factor receptor signaling pathway",20972,6749,"GO:0007169"
"query_1",TRUE,0.0187233479608042,57,1028,9,0.00875486381322957,0.157894736842105,"GO:0086065","GO:BP","cell communication involved in cardiac conduction",20972,16732,"GO:0007154,GO:0061337"
"query_1",TRUE,0.0187489386967413,104,1028,13,0.0126459143968872,0.125,"GO:0006721","GO:BP","terpenoid metabolic process",20972,2303,"GO:0006720"
"query_1",TRUE,0.0187489386967413,104,1028,13,0.0126459143968872,0.125,"GO:0002526","GO:BP","acute inflammatory response",20972,1006,"GO:0006954"
"query_1",TRUE,0.0187731215607497,4,664,3,0.00451807228915663,0.75,"REAC:R-HSA-9845619","REAC","Enhanced cleavage of VWF variant by ADAMTS13",11056,884,"REAC:R-HSA-9823587"
"query_1",TRUE,0.0187731215607497,4,664,3,0.00451807228915663,0.75,"REAC:R-HSA-9845621","REAC","Defective VWF cleavage by ADAMTS13 variant",11056,708,"REAC:R-HSA-9823587"
"query_1",TRUE,0.0188494418545087,15,561,5,0.0089126559714795,0.333333333333333,"KEGG:03273","KEGG","Virion - Lassa virus and SFTS virus",8716,242,"KEGG:00000"
"query_1",TRUE,0.0189349209167248,1035,1028,72,0.0700389105058366,0.0695652173913043,"GO:0007417","GO:BP","central nervous system development",20972,2776,"GO:0007399,GO:0048731"
"query_1",TRUE,0.0191281152166396,422,1028,35,0.0340466926070039,0.0829383886255924,"GO:0043254","GO:BP","regulation of protein-containing complex assembly",20972,9920,"GO:0044087,GO:0051128,GO:0065003"
"query_1",TRUE,0.0191281152166396,143,1028,16,0.0155642023346304,0.111888111888112,"GO:0008203","GO:BP","cholesterol metabolic process",20972,2990,"GO:0016125,GO:1902652"
"query_1",TRUE,0.0191281152166396,255,1028,24,0.0233463035019455,0.0941176470588235,"GO:0050870","GO:BP","positive regulation of T cell activation",20972,12455,"GO:0042110,GO:0050863,GO:0051251,GO:1903039"
"query_1",TRUE,0.0191281152166396,143,1028,16,0.0155642023346304,0.111888111888112,"GO:0050852","GO:BP","T cell receptor signaling pathway",20972,12437,"GO:0050851"
"query_1",TRUE,0.019184314921958,117,1028,14,0.0136186770428016,0.11965811965812,"GO:1904064","GO:BP","positive regulation of cation transmembrane transport",20972,21847,"GO:0034767,GO:0098655,GO:1904062"
"query_1",TRUE,0.0192991669462832,20,664,6,0.00903614457831325,0.3,"REAC:R-HSA-416572","REAC","Sema4D induced cell migration and growth-cone collapse",11056,2288,"REAC:R-HSA-400685"
"query_1",TRUE,0.0196125308121505,241,1028,23,0.0223735408560311,0.0954356846473029,"GO:0022604","GO:BP","regulation of cell morphogenesis",20972,6177,"GO:0000902,GO:0022603"
"query_1",TRUE,0.0197601956103094,90,664,14,0.0210843373493976,0.155555555555556,"REAC:R-HSA-2682334","REAC","EPH-Ephrin signaling",11056,857,"REAC:R-HSA-422475"
"query_1",TRUE,0.0198207892724052,19,1028,5,0.00486381322957198,0.263157894736842,"GO:0001946","GO:BP","lymphangiogenesis",20972,544,"GO:0009653,GO:0036303,GO:0048646"
"query_1",TRUE,0.0198207892724052,19,1028,5,0.00486381322957198,0.263157894736842,"GO:0034112","GO:BP","positive regulation of homotypic cell-cell adhesion",20972,7858,"GO:0022409,GO:0034109,GO:0034110"
"query_1",TRUE,0.0200248859778148,47,1028,8,0.00778210116731518,0.170212765957447,"GO:0002269","GO:BP","leukocyte activation involved in inflammatory response",20972,776,"GO:0006954,GO:0045321"
"query_1",TRUE,0.0200248859778148,47,1028,8,0.00778210116731518,0.170212765957447,"GO:0045776","GO:BP","negative regulation of blood pressure",20972,10838,"GO:0008217"
"query_1",TRUE,0.0201978903701135,519,1028,41,0.0398832684824903,0.0789980732177264,"GO:0031349","GO:BP","positive regulation of defense response",20972,6684,"GO:0006952,GO:0031347,GO:0048584"
"query_1",TRUE,0.0202256479872307,331,1028,29,0.0282101167315175,0.0876132930513595,"GO:0051251","GO:BP","positive regulation of lymphocyte activation",20972,12700,"GO:0002696,GO:0046649,GO:0051249"
"query_1",TRUE,0.020241981218317,37,1028,7,0.00680933852140078,0.189189189189189,"GO:0010573","GO:BP","vascular endothelial growth factor production",20972,4040,"GO:0001816"
"query_1",TRUE,0.0205249348792142,118,1028,14,0.0136186770428016,0.11864406779661,"GO:0035821","GO:BP","modulation of process of another organism",20972,8672,"GO:0044419"
"query_1",TRUE,0.0206393711588374,58,1028,9,0.00875486381322957,0.155172413793103,"GO:1990874","GO:BP","vascular associated smooth muscle cell proliferation",20972,23476,"GO:0048659"
"query_1",TRUE,0.0210296485795969,71,664,12,0.0180722891566265,0.169014084507042,"REAC:R-HSA-174824","REAC","Plasma lipoprotein assembly, remodeling, and clearance",11056,1828,"REAC:R-HSA-382551"
"query_1",TRUE,0.0210296485795969,14,664,5,0.00753012048192771,0.357142857142857,"REAC:R-HSA-354194","REAC","GRB2:SOS provides linkage to MAPK signaling for Integrins ",11056,1071,"REAC:R-HSA-354192"
"query_1",TRUE,0.0211736279439366,530,561,51,0.0909090909090909,0.0962264150943396,"KEGG:05200","KEGG","Pathways in cancer",8716,469,"KEGG:00000"
"query_1",TRUE,0.0211736279439366,73,561,12,0.0213903743315508,0.164383561643836,"KEGG:05140","KEGG","Leishmaniasis",8716,449,"KEGG:00000"
"query_1",TRUE,0.0211869709038753,91,664,14,0.0210843373493976,0.153846153846154,"REAC:R-HSA-877300","REAC","Interferon gamma signaling",11056,1280,"REAC:R-HSA-913531"
"query_1",TRUE,0.0213420420959307,602,1028,46,0.0447470817120623,0.0764119601328904,"GO:0120031","GO:BP","plasma membrane bounded cell projection assembly",20972,18200,"GO:0030031,GO:0120036"
"query_1",TRUE,0.0217095644926755,28,1028,6,0.00583657587548638,0.214285714285714,"GO:0052372","GO:BP","modulation by symbiont of entry into host",20972,13168,"GO:0043903,GO:0044409"
"query_1",TRUE,0.0218662524964792,12,1028,4,0.00389105058365759,0.333333333333333,"GO:0043589","GO:BP","skin morphogenesis",20972,10113,"GO:0009887,GO:0043588"
"query_1",TRUE,0.0218662524964792,6,1028,3,0.00291828793774319,0.5,"GO:0046813","GO:BP","receptor-mediated virion attachment to host cell",20972,11536,"GO:0019062"
"query_1",TRUE,0.0218662524964792,12,1028,4,0.00389105058365759,0.333333333333333,"GO:0072015","GO:BP","podocyte development",20972,15902,"GO:0072112,GO:0072310"
"query_1",TRUE,0.0218662524964792,6,1028,3,0.00291828793774319,0.5,"GO:0022614","GO:BP","membrane to membrane docking",20972,6186,"GO:0022406"
"query_1",TRUE,0.0218662524964792,6,1028,3,0.00291828793774319,0.5,"GO:0060831","GO:BP","smoothened signaling pathway involved in dorsal/ventral neural tube patterning",20972,13935,"GO:0007224,GO:0021904"
"query_1",TRUE,0.0218662524964792,6,1028,3,0.00291828793774319,0.5,"GO:1901164","GO:BP","negative regulation of trophoblast cell migration",20972,19895,"GO:0030336,GO:0051241,GO:0061450,GO:1901163,GO:2000242"
"query_1",TRUE,0.0218662524964792,6,1028,3,0.00291828793774319,0.5,"GO:0002885","GO:BP","positive regulation of hypersensitivity",20972,1349,"GO:0002524,GO:0002866,GO:0002883"
"query_1",TRUE,0.0218662524964792,6,1028,3,0.00291828793774319,0.5,"GO:0019262","GO:BP","N-acetylneuraminate catabolic process",20972,5306,"GO:0006054,GO:0046348,GO:0046395"
"query_1",TRUE,0.0218662524964792,12,1028,4,0.00389105058365759,0.333333333333333,"GO:0031650","GO:BP","regulation of heat generation",20972,6797,"GO:0031649,GO:0051239"
"query_1",TRUE,0.0218662524964792,6,1028,3,0.00291828793774319,0.5,"GO:1901166","GO:BP","neural crest cell migration involved in autonomic nervous system development",20972,19897,"GO:0001755,GO:0048483"
"query_1",TRUE,0.0218662524964792,333,1028,29,0.0282101167315175,0.0870870870870871,"GO:0060562","GO:BP","epithelial tube morphogenesis",20972,13736,"GO:0002009,GO:0035239"
"query_1",TRUE,0.0218662524964792,159,1028,17,0.0165369649805447,0.106918238993711,"GO:0051017","GO:BP","actin filament bundle assembly",20972,12571,"GO:0022607,GO:0061572"
"query_1",TRUE,0.0218662524964792,6,1028,3,0.00291828793774319,0.5,"GO:0042270","GO:BP","protection from natural killer cell mediated cytotoxicity",20972,9419,"GO:0045953"
"query_1",TRUE,0.0218662524964792,6,1028,3,0.00291828793774319,0.5,"GO:0110011","GO:BP","regulation of basement membrane organization",20972,18081,"GO:0071711,GO:1903053"
"query_1",TRUE,0.0218662524964792,70,1028,10,0.00972762645914397,0.142857142857143,"GO:0044091","GO:BP","membrane biogenesis",20972,10216,"GO:0044085"
"query_1",TRUE,0.0218662524964792,70,1028,10,0.00972762645914397,0.142857142857143,"GO:1900046","GO:BP","regulation of hemostasis",20972,19124,"GO:0007599,GO:0050789,GO:0050878"
"query_1",TRUE,0.0218662524964792,12,1028,4,0.00389105058365759,0.333333333333333,"GO:0110075","GO:BP","regulation of ferroptosis",20972,18132,"GO:0043067,GO:0097707"
"query_1",TRUE,0.0220000488971831,94,1028,12,0.0116731517509728,0.127659574468085,"GO:0045824","GO:BP","negative regulation of innate immune response",20972,10872,"GO:0002832,GO:0031348,GO:0032102,GO:0045087,GO:0045088,GO:0050777"
"query_1",TRUE,0.0221236509647253,123,664,17,0.0256024096385542,0.138211382113821,"REAC:R-HSA-2132295","REAC","MHC class II antigen presentation",11056,1426,"REAC:R-HSA-1280218"
"query_1",TRUE,0.0224478962815617,113,664,16,0.0240963855421687,0.141592920353982,"REAC:R-HSA-9664422","REAC","FCGR3A-mediated phagocytosis",11056,940,"REAC:R-HSA-9664417"
"query_1",TRUE,0.0224478962815617,113,664,16,0.0240963855421687,0.141592920353982,"REAC:R-HSA-9664417","REAC","Leishmania phagocytosis",11056,1365,"REAC:R-HSA-9664407"
"query_1",TRUE,0.0224478962815617,36,664,8,0.0120481927710843,0.222222222222222,"REAC:R-HSA-8964043","REAC","Plasma lipoprotein clearance",11056,1829,"REAC:R-HSA-174824"
"query_1",TRUE,0.0224478962815617,113,664,16,0.0240963855421687,0.141592920353982,"REAC:R-HSA-9664407","REAC","Parasite infection",11056,1785,"REAC:R-HSA-9658195"
"query_1",TRUE,0.0225985687521191,59,1028,9,0.00875486381322957,0.152542372881356,"GO:0002042","GO:BP","cell migration involved in sprouting angiogenesis",20972,625,"GO:0002040,GO:0043534"
"query_1",TRUE,0.0226701377649937,1449,1028,95,0.0924124513618677,0.0655624568668047,"GO:0023057","GO:BP","negative regulation of signaling",20972,6207,"GO:0023051,GO:0023052,GO:0048519"
"query_1",TRUE,0.0228114588629198,38,1028,7,0.00680933852140078,0.184210526315789,"GO:0090049","GO:BP","regulation of cell migration involved in sprouting angiogenesis",20972,16785,"GO:0002042,GO:0043535"
"query_1",TRUE,0.0228114588629198,38,1028,7,0.00680933852140078,0.184210526315789,"GO:0044794","GO:BP","host-mediated activation of viral process",20972,10412,"GO:0044788"
"query_1",TRUE,0.0228114588629198,107,1028,13,0.0126459143968872,0.121495327102804,"GO:0051851","GO:BP","host-mediated perturbation of symbiont process",20972,13023,"GO:0035821"
"query_1",TRUE,0.0228114588629198,107,1028,13,0.0126459143968872,0.121495327102804,"GO:0048144","GO:BP","fibroblast proliferation",20972,11700,"GO:0008283"
"query_1",TRUE,0.0229282124095261,133,1028,15,0.014591439688716,0.112781954887218,"GO:0048706","GO:BP","embryonic skeletal system development",20972,12113,"GO:0001501,GO:0043009"
"query_1",TRUE,0.0234258960633502,174,1028,18,0.0175097276264591,0.103448275862069,"GO:0009260","GO:BP","ribonucleotide biosynthetic process",20972,3269,"GO:0009165,GO:0009259,GO:0046390"
"query_1",TRUE,0.0239417781348604,71,1028,10,0.00972762645914397,0.140845070422535,"GO:0061045","GO:BP","negative regulation of wound healing",20972,14107,"GO:0032102,GO:0042060,GO:0061041,GO:1903035"
"query_1",TRUE,0.0239806020636916,20,1028,5,0.00486381322957198,0.25,"GO:0045217","GO:BP","cell-cell junction maintenance",20972,10567,"GO:0034331,GO:0045216"
"query_1",TRUE,0.0239806020636916,20,1028,5,0.00486381322957198,0.25,"GO:0072376","GO:BP","protein activation cascade",20972,16200,"GO:0051604"
"query_1",TRUE,0.0241842030253275,83,1028,11,0.0107003891050584,0.132530120481928,"GO:0048708","GO:BP","astrocyte differentiation",20972,12115,"GO:0007417,GO:0010001"
"query_1",TRUE,0.0241942269058762,2,1028,2,0.00194552529182879,1,"GO:1903921","GO:BP","regulation of protein processing in phagocytic vesicle",20972,21744,"GO:0070613,GO:1900756"
"query_1",TRUE,0.0241942269058762,2,1028,2,0.00194552529182879,1,"GO:1900756","GO:BP","protein processing in phagocytic vesicle",20972,19640,"GO:0016485"
"query_1",TRUE,0.0241942269058762,2,1028,2,0.00194552529182879,1,"GO:1903597","GO:BP","negative regulation of gap junction assembly",20972,21523,"GO:0016264,GO:1901889,GO:1903596"
"query_1",TRUE,0.0241942269058762,2,1028,2,0.00194552529182879,1,"GO:0035900","GO:BP","response to isolation stress",20972,8716,"GO:0006950"
"query_1",TRUE,0.0241942269058762,2,1028,2,0.00194552529182879,1,"GO:0035759","GO:BP","mesangial cell-matrix adhesion",20972,8628,"GO:0007160"
"query_1",TRUE,0.0241942269058762,2,1028,2,0.00194552529182879,1,"GO:0018277","GO:BP","protein deamination",20972,5131,"GO:0036211"
"query_1",TRUE,0.0241942269058762,2,1028,2,0.00194552529182879,1,"GO:1903923","GO:BP","positive regulation of protein processing in phagocytic vesicle",20972,21746,"GO:0010954,GO:1900756,GO:1903921"
"query_1",TRUE,0.0241942269058762,2,1028,2,0.00194552529182879,1,"GO:0031104","GO:BP","dendrite regeneration",20972,6582,"GO:0016358,GO:0031102"
"query_1",TRUE,0.0241942269058762,2,1028,2,0.00194552529182879,1,"GO:0060355","GO:BP","positive regulation of cell adhesion molecule production",20972,13575,"GO:0048522,GO:0060352,GO:0060353"
"query_1",TRUE,0.0241942269058762,276,1028,25,0.0243190661478599,0.0905797101449275,"GO:1903039","GO:BP","positive regulation of leukocyte cell-cell adhesion",20972,21142,"GO:0007159,GO:0022409,GO:1903037"
"query_1",TRUE,0.0242103467334945,1066,1028,73,0.071011673151751,0.0684803001876173,"GO:0019637","GO:BP","organophosphate metabolic process",20972,5565,"GO:0006793"
"query_1",TRUE,0.0243599730653647,121,1028,14,0.0136186770428016,0.115702479338843,"GO:1990748","GO:BP","cellular detoxification",20972,23423,"GO:0009987,GO:0097237,GO:0098754"
"query_1",TRUE,0.0243805254597667,29,1028,6,0.00583657587548638,0.206896551724138,"GO:0031579","GO:BP","membrane raft organization",20972,6766,"GO:0061024"
"query_1",TRUE,0.0243805254597667,29,1028,6,0.00583657587548638,0.206896551724138,"GO:0001911","GO:BP","negative regulation of leukocyte mediated cytotoxicity",20972,515,"GO:0001909,GO:0001910,GO:0002704,GO:0031342"
"query_1",TRUE,0.0243805254597667,60,1028,9,0.00875486381322957,0.15,"GO:0008347","GO:BP","glial cell migration",20972,3032,"GO:0016477,GO:0042063"
"query_1",TRUE,0.0243805254597667,60,1028,9,0.00875486381322957,0.15,"GO:1901379","GO:BP","regulation of potassium ion transmembrane transport",20972,20036,"GO:0043266,GO:0071805,GO:1904062"
"query_1",TRUE,0.0243805254597667,49,1028,8,0.00778210116731518,0.163265306122449,"GO:0001881","GO:BP","receptor recycling",20972,498,"GO:0043112"
"query_1",TRUE,0.0243805254597667,60,1028,9,0.00875486381322957,0.15,"GO:0061005","GO:BP","cell differentiation involved in kidney development",20972,14075,"GO:0001822,GO:0030154"
"query_1",TRUE,0.0243805254597667,49,1028,8,0.00778210116731518,0.163265306122449,"GO:0061028","GO:BP","establishment of endothelial barrier",20972,14091,"GO:0001885"
"query_1",TRUE,0.0243805254597667,29,1028,6,0.00583657587548638,0.206896551724138,"GO:0072012","GO:BP","glomerulus vasculature development",20972,15899,"GO:0001568,GO:0032835,GO:0061440"
"query_1",TRUE,0.0243805254597667,29,1028,6,0.00583657587548638,0.206896551724138,"GO:0060055","GO:BP","angiogenesis involved in wound healing",20972,13337,"GO:0001525,GO:0042060"
"query_1",TRUE,0.0244862181944326,136,561,18,0.0320855614973262,0.132352941176471,"KEGG:05322","KEGG","Systemic lupus erythematosus",8716,500,"KEGG:00000"
"query_1",TRUE,0.0247659687350207,83,664,13,0.019578313253012,0.156626506024096,"REAC:R-HSA-2871809","REAC","FCERI mediated Ca+2 mobilization",11056,935,"REAC:R-HSA-2454202"
"query_1",TRUE,0.0250747466922071,96,1028,12,0.0116731517509728,0.125,"GO:0043405","GO:BP","regulation of MAP kinase activity",20972,10002,"GO:0071900"
"query_1",TRUE,0.0252898750524295,162,1028,17,0.0165369649805447,0.104938271604938,"GO:0061572","GO:BP","actin filament bundle organization",20972,14475,"GO:0007015"
"query_1",TRUE,0.0252898750524295,162,1028,17,0.0165369649805447,0.104938271604938,"GO:0035966","GO:BP","response to topologically incorrect protein",20972,8757,"GO:0006950"
"query_1",TRUE,0.0255363785327989,72,1028,10,0.00972762645914397,0.138888888888889,"GO:0050766","GO:BP","positive regulation of phagocytosis",20972,12381,"GO:0006909,GO:0045807,GO:0050764"
"query_1",TRUE,0.0255363785327989,72,1028,10,0.00972762645914397,0.138888888888889,"GO:0002704","GO:BP","negative regulation of leukocyte mediated immunity",20972,1176,"GO:0002443,GO:0002698,GO:0002703"
"query_1",TRUE,0.0258612828301267,1369,1028,90,0.0875486381322957,0.0657414170927684,"GO:0006629","GO:BP","lipid metabolic process",20972,2220,"GO:0044238"
"query_1",TRUE,0.0263691384741922,433,1028,35,0.0340466926070039,0.0808314087759815,"GO:0006869","GO:BP","lipid transport",20972,2401,"GO:0006810,GO:0010876"
"query_1",TRUE,0.0264228683154626,205,1028,20,0.0194552529182879,0.0975609756097561,"GO:1901654","GO:BP","response to ketone",20972,20211,"GO:1901700"
"query_1",TRUE,0.0266601479780439,66,561,11,0.0196078431372549,0.166666666666667,"KEGG:05416","KEGG","Viral myocarditis",8716,509,"KEGG:00000"
"query_1",TRUE,0.0267338927689541,163,1028,17,0.0165369649805447,0.104294478527607,"GO:1903034","GO:BP","regulation of response to wounding",20972,21137,"GO:0009611,GO:0080134"
"query_1",TRUE,0.0267338927689541,191,1028,19,0.0184824902723735,0.0994764397905759,"GO:0002695","GO:BP","negative regulation of leukocyte activation",20972,1167,"GO:0002683,GO:0002694,GO:0045321,GO:0050866"
"query_1",TRUE,0.0267456483846409,61,1028,9,0.00875486381322957,0.147540983606557,"GO:0048012","GO:BP","hepatocyte growth factor receptor signaling pathway",20972,11624,"GO:0007169"
"query_1",TRUE,0.0267456483846409,61,1028,9,0.00875486381322957,0.147540983606557,"GO:0002707","GO:BP","negative regulation of lymphocyte mediated immunity",20972,1179,"GO:0002449,GO:0002704,GO:0002706"
"query_1",TRUE,0.0267456483846409,61,1028,9,0.00875486381322957,0.147540983606557,"GO:0002712","GO:BP","regulation of B cell mediated immunity",20972,1184,"GO:0002706,GO:0002822,GO:0019724"
"query_1",TRUE,0.0267456483846409,61,1028,9,0.00875486381322957,0.147540983606557,"GO:0002889","GO:BP","regulation of immunoglobulin mediated immune response",20972,1353,"GO:0002712,GO:0016064"
"query_1",TRUE,0.0267456483846409,177,1028,18,0.0175097276264591,0.101694915254237,"GO:0007519","GO:BP","skeletal muscle tissue development",20972,2865,"GO:0014706,GO:0060538"
"query_1",TRUE,0.0268487699734185,264,1028,24,0.0233463035019455,0.0909090909090909,"GO:0071559","GO:BP","response to transforming growth factor beta",20972,15621,"GO:0070848"
"query_1",TRUE,0.0269635868811373,50,1028,8,0.00778210116731518,0.16,"GO:0030195","GO:BP","negative regulation of blood coagulation",20972,6271,"GO:0007596,GO:0030193,GO:0050819,GO:0061045,GO:1900047"
"query_1",TRUE,0.0269980414653124,15,664,5,0.00753012048192771,0.333333333333333,"REAC:R-HSA-372708","REAC","p130Cas linkage to MAPK signaling for integrins",11056,2813,"REAC:R-HSA-354192"
"query_1",TRUE,0.0273738435826431,110,1028,13,0.0126459143968872,0.118181818181818,"GO:0016525","GO:BP","negative regulation of angiogenesis",20972,4985,"GO:0001525,GO:0045765,GO:2000181"
"query_1",TRUE,0.0273841114882292,13,1028,4,0.00389105058365759,0.307692307692308,"GO:0001886","GO:BP","endothelial cell morphogenesis",20972,500,"GO:0001885,GO:0003382"
"query_1",TRUE,0.0273841114882292,13,1028,4,0.00389105058365759,0.307692307692308,"GO:0051127","GO:BP","positive regulation of actin nucleation",20972,12626,"GO:0045010,GO:0051125,GO:0051495,GO:1902905"
"query_1",TRUE,0.0273841114882292,13,1028,4,0.00389105058365759,0.307692307692308,"GO:0010745","GO:BP","negative regulation of macrophage derived foam cell differentiation",20972,4167,"GO:0010742,GO:0010743,GO:0045596"
"query_1",TRUE,0.0273841114882292,85,1028,11,0.0107003891050584,0.129411764705882,"GO:0120193","GO:BP","tight junction organization",20972,18286,"GO:0045216"
"query_1",TRUE,0.0273841114882292,356,1028,30,0.0291828793774319,0.0842696629213483,"GO:0050678","GO:BP","regulation of epithelial cell proliferation",20972,12353,"GO:0042127,GO:0050673"
"query_1",TRUE,0.0273841114882292,13,1028,4,0.00389105058365759,0.307692307692308,"GO:0002486","GO:BP","antigen processing and presentation of endogenous peptide antigen via MHC class I via ER pathway, TAP-independent",20972,967,"GO:0002484"
"query_1",TRUE,0.0273841114882292,13,1028,4,0.00389105058365759,0.307692307692308,"GO:0075509","GO:BP","endocytosis involved in viral entry into host cell",20972,16564,"GO:0046718"
"query_1",TRUE,0.0273841114882292,13,1028,4,0.00389105058365759,0.307692307692308,"GO:0044857","GO:BP","plasma membrane raft organization",20972,10444,"GO:0007009,GO:0031579"
"query_1",TRUE,0.0273841114882292,13,1028,4,0.00389105058365759,0.307692307692308,"GO:0072310","GO:BP","glomerular epithelial cell development",20972,16167,"GO:0002064,GO:0072311"
"query_1",TRUE,0.0273841114882292,13,1028,4,0.00389105058365759,0.307692307692308,"GO:0002503","GO:BP","peptide antigen assembly with MHC class II protein complex",20972,984,"GO:0002399,GO:0002495,GO:0002501"
"query_1",TRUE,0.0273841114882292,13,1028,4,0.00389105058365759,0.307692307692308,"GO:0002399","GO:BP","MHC class II protein complex assembly",20972,882,"GO:0002396"
"query_1",TRUE,0.0278021959430776,178,1028,18,0.0175097276264591,0.101123595505618,"GO:0000302","GO:BP","response to reactive oxygen species",20972,87,"GO:0006979,GO:1901700"
"query_1",TRUE,0.0278849168275757,30,1028,6,0.00583657587548638,0.2,"GO:0021602","GO:BP","cranial nerve morphogenesis",20972,5777,"GO:0009653,GO:0021545"
"query_1",TRUE,0.0278849168275757,30,1028,6,0.00583657587548638,0.2,"GO:0055094","GO:BP","response to lipoprotein particle",20972,13269,"GO:0009719,GO:0042221"
"query_1",TRUE,0.0278849168275757,21,1028,5,0.00486381322957198,0.238095238095238,"GO:0090050","GO:BP","positive regulation of cell migration involved in sprouting angiogenesis",20972,16786,"GO:0002042,GO:0043536,GO:0090049"
"query_1",TRUE,0.0278849168275757,21,1028,5,0.00486381322957198,0.238095238095238,"GO:0010888","GO:BP","negative regulation of lipid storage",20972,4267,"GO:0010883,GO:0019915,GO:0048523,GO:1905953"
"query_1",TRUE,0.0278849168275757,30,1028,6,0.00583657587548638,0.2,"GO:0010758","GO:BP","regulation of macrophage chemotaxis",20972,4178,"GO:0002688,GO:0048246,GO:1905521"
"query_1",TRUE,0.0278849168275757,21,1028,5,0.00486381322957198,0.238095238095238,"GO:0048245","GO:BP","eosinophil chemotaxis",20972,11758,"GO:0071621,GO:0072677"
"query_1",TRUE,0.0280394623239587,1572,1028,101,0.0982490272373541,0.0642493638676845,"GO:0016192","GO:BP","vesicle-mediated transport",20972,4920,"GO:0006810,GO:0009987"
"query_1",TRUE,0.0282814615514745,40,1028,7,0.00680933852140078,0.175,"GO:0006766","GO:BP","vitamin metabolic process",20972,2329,"GO:0044281"
"query_1",TRUE,0.0285389333802769,342,1028,29,0.0282101167315175,0.0847953216374269,"GO:0031346","GO:BP","positive regulation of cell projection organization",20972,6681,"GO:0030030,GO:0031344,GO:0051130"
"query_1",TRUE,0.0287847497088407,111,1028,13,0.0126459143968872,0.117117117117117,"GO:2000181","GO:BP","negative regulation of blood vessel morphogenesis",20972,23652,"GO:0022603,GO:0048514,GO:1901343"
"query_1",TRUE,0.0294928179156821,374,1028,31,0.0301556420233463,0.0828877005347594,"GO:0009259","GO:BP","ribonucleotide metabolic process",20972,3268,"GO:0009117,GO:0019693"
"query_1",TRUE,0.0296211901887818,51,1028,8,0.00778210116731518,0.156862745098039,"GO:1900047","GO:BP","negative regulation of hemostasis",20972,19125,"GO:0007599,GO:0048519,GO:1900046"
"query_1",TRUE,0.0297661144882583,74,1028,10,0.00972762645914397,0.135135135135135,"GO:0042130","GO:BP","negative regulation of T cell proliferation",20972,9343,"GO:0042098,GO:0042129,GO:0050672,GO:0050868"
"query_1",TRUE,0.0304323696941722,99,1028,12,0.0116731517509728,0.121212121212121,"GO:0070664","GO:BP","negative regulation of leukocyte proliferation",20972,15122,"GO:0008285,GO:0070661,GO:0070663"
"query_1",TRUE,0.0304323696941722,125,1028,14,0.0136186770428016,0.112,"GO:0051209","GO:BP","release of sequestered calcium ion into cytosol",20972,12672,"GO:0097553"
"query_1",TRUE,0.0304323696941722,125,1028,14,0.0136186770428016,0.112,"GO:0030326","GO:BP","embryonic limb morphogenesis",20972,6335,"GO:0035108,GO:0035113"
"query_1",TRUE,0.0304323696941722,125,1028,14,0.0136186770428016,0.112,"GO:0035113","GO:BP","embryonic appendage morphogenesis",20972,8238,"GO:0035107,GO:0048598"
"query_1",TRUE,0.0304323696941722,152,1028,16,0.0155642023346304,0.105263157894737,"GO:0097746","GO:BP","blood vessel diameter maintenance",20972,17525,"GO:0003018,GO:0008015,GO:0035296"
"query_1",TRUE,0.0304323696941722,152,1028,16,0.0155642023346304,0.105263157894737,"GO:0035296","GO:BP","regulation of tube diameter",20972,8375,"GO:0035150"
"query_1",TRUE,0.0305351066735514,180,1028,18,0.0175097276264591,0.1,"GO:0046390","GO:BP","ribose phosphate biosynthetic process",20972,11311,"GO:0019693,GO:0090407,GO:1901137"
"query_1",TRUE,0.0305804685389681,150,664,19,0.0286144578313253,0.126666666666667,"REAC:R-HSA-1500931","REAC","Cell-Cell communication",11056,345,"REAC:0000000"
"query_1",TRUE,0.030613406290652,112,1028,13,0.0126459143968872,0.116071428571429,"GO:1901343","GO:BP","negative regulation of vasculature development",20972,20014,"GO:0001944,GO:0051093,GO:0051241,GO:1901342"
"query_1",TRUE,0.030613406290652,112,1028,13,0.0126459143968872,0.116071428571429,"GO:0009206","GO:BP","purine ribonucleoside triphosphate biosynthetic process",20972,3218,"GO:0009145,GO:0009201,GO:0009205"
"query_1",TRUE,0.030613406290652,112,1028,13,0.0126459143968872,0.116071428571429,"GO:0030316","GO:BP","osteoclast differentiation",20972,6327,"GO:0002573"
"query_1",TRUE,0.030787003450882,702,1028,51,0.0496108949416342,0.0726495726495727,"GO:0051174","GO:BP","regulation of phosphorus metabolic process",20972,12663,"GO:0006793,GO:0019222"
"query_1",TRUE,0.0309165169176292,268,1028,24,0.0233463035019455,0.0895522388059701,"GO:0051896","GO:BP","regulation of phosphatidylinositol 3-kinase/protein kinase B signal transduction",20972,13048,"GO:0043491,GO:1902531"
"query_1",TRUE,0.0311605696049523,49,561,9,0.0160427807486631,0.183673469387755,"KEGG:05144","KEGG","Malaria",8716,452,"KEGG:00000"
"query_1",TRUE,0.0316255746488103,345,1028,29,0.0282101167315175,0.0840579710144927,"GO:0002237","GO:BP","response to molecule of bacterial origin",20972,748,"GO:0009617,GO:0043207"
"query_1",TRUE,0.0316400582942496,63,1028,9,0.00875486381322957,0.142857142857143,"GO:1901224","GO:BP","positive regulation of non-canonical NF-kappaB signal transduction",20972,19935,"GO:0038061,GO:1901222,GO:1902533"
"query_1",TRUE,0.0318596283063384,7,1028,3,0.00291828793774319,0.428571428571429,"GO:0090269","GO:BP","fibroblast growth factor production",20972,16953,"GO:0001816"
"query_1",TRUE,0.0318596283063384,377,1028,31,0.0301556420233463,0.0822281167108753,"GO:1902903","GO:BP","regulation of supramolecular fiber organization",20972,21051,"GO:0051128,GO:0097435"
"query_1",TRUE,0.0318596283063384,7,1028,3,0.00291828793774319,0.428571428571429,"GO:0090270","GO:BP","regulation of fibroblast growth factor production",20972,16954,"GO:0001817,GO:0090269"
"query_1",TRUE,0.0318596283063384,943,1028,65,0.0632295719844358,0.0689289501590668,"GO:1901135","GO:BP","carbohydrate derivative metabolic process",20972,19876,"GO:0008152"
"query_1",TRUE,0.0318596283063384,167,1028,17,0.0165369649805447,0.101796407185629,"GO:1990845","GO:BP","adaptive thermogenesis",20972,23465,"GO:0001659"
"query_1",TRUE,0.0318596283063384,7,1028,3,0.00291828793774319,0.428571428571429,"GO:0002866","GO:BP","positive regulation of acute inflammatory response to antigenic stimulus",20972,1330,"GO:0002438,GO:0002675,GO:0002863,GO:0002864"
"query_1",TRUE,0.0318596283063384,31,1028,6,0.00583657587548638,0.193548387096774,"GO:0061440","GO:BP","kidney vasculature development",20972,14390,"GO:0001822,GO:0061437"
"query_1",TRUE,0.0318596283063384,31,1028,6,0.00583657587548638,0.193548387096774,"GO:0061437","GO:BP","renal system vasculature development",20972,14387,"GO:0001944,GO:0072001"
"query_1",TRUE,0.0318596283063384,31,1028,6,0.00583657587548638,0.193548387096774,"GO:0010575","GO:BP","positive regulation of vascular endothelial growth factor production",20972,4042,"GO:0001819,GO:0010573,GO:0010574"
"query_1",TRUE,0.0318596283063384,7,1028,3,0.00291828793774319,0.428571428571429,"GO:0034334","GO:BP","adherens junction maintenance",20972,8003,"GO:0034332,GO:0045217"
"query_1",TRUE,0.0318596283063384,126,1028,14,0.0136186770428016,0.111111111111111,"GO:0034767","GO:BP","positive regulation of monoatomic ion transmembrane transport",20972,8160,"GO:0034220,GO:0034764,GO:0034765,GO:0043270"
"query_1",TRUE,0.0318596283063384,7,1028,3,0.00291828793774319,0.428571428571429,"GO:0070836","GO:BP","caveola assembly",20972,15206,"GO:0044854"
"query_1",TRUE,0.0318596283063384,7,1028,3,0.00291828793774319,0.428571428571429,"GO:0014012","GO:BP","peripheral nervous system axon regeneration",20972,4369,"GO:0031103"
"query_1",TRUE,0.0318596283063384,7,1028,3,0.00291828793774319,0.428571428571429,"GO:0048702","GO:BP","embryonic neurocranium morphogenesis",20972,12109,"GO:0048598,GO:0048701"
"query_1",TRUE,0.0318596283063384,7,1028,3,0.00291828793774319,0.428571428571429,"GO:0001955","GO:BP","blood vessel maturation",20972,551,"GO:0001568,GO:0071695"
"query_1",TRUE,0.0318596283063384,153,1028,16,0.0155642023346304,0.104575163398693,"GO:0035150","GO:BP","regulation of tube size",20972,8271,"GO:0090066"
"query_1",TRUE,0.0321191036103984,52,1028,8,0.00778210116731518,0.153846153846154,"GO:0050856","GO:BP","regulation of T cell receptor signaling pathway",20972,12441,"GO:0050852,GO:0050854"
"query_1",TRUE,0.0321191036103984,113,1028,13,0.0126459143968872,0.115044247787611,"GO:0009145","GO:BP","purine nucleoside triphosphate biosynthetic process",20972,3162,"GO:0009142,GO:0009144"
"query_1",TRUE,0.0321191036103984,52,1028,8,0.00778210116731518,0.153846153846154,"GO:0048260","GO:BP","positive regulation of receptor-mediated endocytosis",20972,11767,"GO:0006898,GO:0045807,GO:0048259"
"query_1",TRUE,0.0324852498654719,225,1028,21,0.0204280155642023,0.0933333333333333,"GO:0055074","GO:BP","calcium ion homeostasis",20972,13255,"GO:0055080,GO:0098771"
"query_1",TRUE,0.0325697708854659,196,1028,19,0.0184824902723735,0.0969387755102041,"GO:0002700","GO:BP","regulation of production of molecular mediator of immune response",20972,1172,"GO:0002440,GO:0002697,GO:0010468"
"query_1",TRUE,0.0326077890875281,22,1028,5,0.00486381322957198,0.227272727272727,"GO:0060445","GO:BP","branching involved in salivary gland morphogenesis",20972,13648,"GO:0007435,GO:0061138"
"query_1",TRUE,0.0326077890875281,22,1028,5,0.00486381322957198,0.227272727272727,"GO:0002223","GO:BP","stimulatory C-type lectin receptor signaling pathway",20972,735,"GO:0002220,GO:1990858"
"query_1",TRUE,0.0326077890875281,22,1028,5,0.00486381322957198,0.227272727272727,"GO:1990858","GO:BP","cellular response to lectin",20972,23469,"GO:1990840"
"query_1",TRUE,0.0326077890875281,22,1028,5,0.00486381322957198,0.227272727272727,"GO:1990840","GO:BP","response to lectin",20972,23464,"GO:0009607"
"query_1",TRUE,0.0326077890875281,22,1028,5,0.00486381322957198,0.227272727272727,"GO:0001991","GO:BP","regulation of systemic arterial blood pressure by circulatory renin-angiotensin",20972,581,"GO:0003081"
"query_1",TRUE,0.0333475851615979,88,1028,11,0.0107003891050584,0.125,"GO:0150104","GO:BP","transport across blood-brain barrier",20972,18888,"GO:0010232"
"query_1",TRUE,0.0333475851615979,88,1028,11,0.0107003891050584,0.125,"GO:0010232","GO:BP","vascular transport",20972,3843,"GO:0003018,GO:0006810"
"query_1",TRUE,0.0338054610439671,332,1028,28,0.0272373540856031,0.0843373493975904,"GO:0045333","GO:BP","cellular respiration",20972,10591,"GO:0015980"
"query_1",TRUE,0.033820908944638,197,1028,19,0.0184824902723735,0.0964467005076142,"GO:0022408","GO:BP","negative regulation of cell-cell adhesion",20972,6165,"GO:0007162,GO:0022407,GO:0098609"
"query_1",TRUE,0.033820908944638,271,1028,24,0.0233463035019455,0.0885608856088561,"GO:0060249","GO:BP","anatomical structure homeostasis",20972,13481,"GO:0048871"
"query_1",TRUE,0.033820908944638,271,1028,24,0.0233463035019455,0.0885608856088561,"GO:0001894","GO:BP","tissue homeostasis",20972,506,"GO:0048871,GO:0060249"
"query_1",TRUE,0.033820908944638,14,1028,4,0.00389105058365759,0.285714285714286,"GO:0002864","GO:BP","regulation of acute inflammatory response to antigenic stimulus",20972,1328,"GO:0002438,GO:0002673,GO:0002861"
"query_1",TRUE,0.033820908944638,101,1028,12,0.0116731517509728,0.118811881188119,"GO:0006754","GO:BP","ATP biosynthetic process",20972,2325,"GO:0009152,GO:0009206,GO:0046034"
"query_1",TRUE,0.033820908944638,14,1028,4,0.00389105058365759,0.285714285714286,"GO:0002484","GO:BP","antigen processing and presentation of endogenous peptide antigen via MHC class I via ER pathway",20972,965,"GO:0019885"
"query_1",TRUE,0.033820908944638,14,1028,4,0.00389105058365759,0.285714285714286,"GO:0002430","GO:BP","complement receptor mediated signaling pathway",20972,912,"GO:0002429"
"query_1",TRUE,0.033820908944638,14,1028,4,0.00389105058365759,0.285714285714286,"GO:0044406","GO:BP","adhesion of symbiont to host",20972,10283,"GO:0051701"
"query_1",TRUE,0.033820908944638,14,1028,4,0.00389105058365759,0.285714285714286,"GO:0002476","GO:BP","antigen processing and presentation of endogenous peptide antigen via MHC class Ib",20972,957,"GO:0002428,GO:0002483"
"query_1",TRUE,0.033820908944638,14,1028,4,0.00389105058365759,0.285714285714286,"GO:0042362","GO:BP","fat-soluble vitamin biosynthetic process",20972,9471,"GO:0009110"
"query_1",TRUE,0.0338323548264998,427,1028,34,0.0330739299610895,0.0796252927400468,"GO:0030098","GO:BP","lymphocyte differentiation",20972,6241,"GO:0046649,GO:1903131"
"query_1",TRUE,0.034621771961551,155,1028,16,0.0155642023346304,0.103225806451613,"GO:0016125","GO:BP","sterol metabolic process",20972,4897,"GO:0008202"
"query_1",TRUE,0.0347365557419913,42,1028,7,0.00680933852140078,0.166666666666667,"GO:0032981","GO:BP","mitochondrial respiratory chain complex I assembly",20972,7449,"GO:0010257,GO:0033108"
"query_1",TRUE,0.0347365557419913,42,1028,7,0.00680933852140078,0.166666666666667,"GO:0010257","GO:BP","NADH dehydrogenase complex assembly",20972,3862,"GO:0065003"
"query_1",TRUE,0.0349904959470842,50,561,9,0.0160427807486631,0.18,"KEGG:05320","KEGG","Autoimmune thyroid disease",8716,498,"KEGG:00000"
"query_1",TRUE,0.0350549344646067,53,1028,8,0.00778210116731518,0.150943396226415,"GO:0050805","GO:BP","negative regulation of synaptic transmission",20972,12410,"GO:0007268,GO:0010648,GO:0023057,GO:0050804"
"query_1",TRUE,0.0350549344646067,53,1028,8,0.00778210116731518,0.150943396226415,"GO:0010543","GO:BP","regulation of platelet activation",20972,4016,"GO:0030168,GO:0050865"
"query_1",TRUE,0.0351812788538924,128,1028,14,0.0136186770428016,0.109375,"GO:0030833","GO:BP","regulation of actin filament polymerization",20972,6471,"GO:0008064,GO:0030041,GO:0032271"
"query_1",TRUE,0.0351812788538924,257,1028,23,0.0223735408560311,0.0894941634241245,"GO:0071560","GO:BP","cellular response to transforming growth factor beta stimulus",20972,15622,"GO:0071363,GO:0071559"
"query_1",TRUE,0.0351812788538924,493,1028,38,0.0369649805447471,0.077079107505071,"GO:0007264","GO:BP","small GTPase-mediated signal transduction",20972,2656,"GO:0141124"
"query_1",TRUE,0.0354758552959152,89,1028,11,0.0107003891050584,0.123595505617978,"GO:0050672","GO:BP","negative regulation of lymphocyte proliferation",20972,12347,"GO:0032945,GO:0046651,GO:0050670,GO:0051250"
"query_1",TRUE,0.0355257181637735,559,1028,42,0.0408560311284047,0.075134168157424,"GO:0002831","GO:BP","regulation of response to biotic stimulus",20972,1295,"GO:0009607,GO:0048583"
"query_1",TRUE,0.035614654891799,381,1028,31,0.0301556420233463,0.0813648293963255,"GO:0019693","GO:BP","ribose phosphate metabolic process",20972,5607,"GO:0006796,GO:0019637,GO:1901135"
"query_1",TRUE,0.035614654891799,32,1028,6,0.00583657587548638,0.1875,"GO:0031342","GO:BP","negative regulation of cell killing",20972,6677,"GO:0001906,GO:0031341,GO:0048523"
"query_1",TRUE,0.0356711578174242,57,664,10,0.0150602409638554,0.175438596491228,"REAC:R-HSA-380108","REAC","Chemokine receptors bind chemokines",11056,363,"REAC:R-HSA-375276"
"query_1",TRUE,0.03569131351508,445,1028,35,0.0340466926070039,0.0786516853932584,"GO:0098771","GO:BP","inorganic ion homeostasis",20972,17646,"GO:0048878"
"query_1",TRUE,0.0359975939559438,16,664,5,0.00753012048192771,0.3125,"REAC:R-HSA-75892","REAC","Platelet Adhesion to exposed collagen",11056,1832,"REAC:R-HSA-109582"
"query_1",TRUE,0.036292928186635,156,1028,16,0.0155642023346304,0.102564102564103,"GO:0030041","GO:BP","actin filament polymerization",20972,6227,"GO:0008154,GO:0051258"
"query_1",TRUE,0.0363797262927693,246,561,27,0.0481283422459893,0.109756097560976,"KEGG:04142","KEGG","Lysosome biogenesis",8716,288,"KEGG:00000"
"query_1",TRUE,0.0364874614894937,243,1028,22,0.0214007782101167,0.0905349794238683,"GO:0002274","GO:BP","myeloid leukocyte activation",20972,779,"GO:0045321"
"query_1",TRUE,0.0364874614894937,77,1028,10,0.00972762645914397,0.12987012987013,"GO:0120192","GO:BP","tight junction assembly",20972,18285,"GO:0007043,GO:0120193"
"query_1",TRUE,0.0365968075668143,311,664,32,0.0481927710843374,0.102893890675241,"REAC:R-HSA-418594","REAC","G alpha (i) signalling events",11056,1033,"REAC:R-HSA-388396"
"query_1",TRUE,0.0368115099566211,2401,1028,145,0.141050583657588,0.0603915035401916,"GO:0008104","GO:BP","intracellular protein localization",20972,2983,"GO:0033036"
"query_1",TRUE,0.0372784991675017,129,1028,14,0.0136186770428016,0.108527131782946,"GO:0061041","GO:BP","regulation of wound healing",20972,14103,"GO:0042060,GO:1903034"
"query_1",TRUE,0.0374944689141652,214,1028,20,0.0194552529182879,0.0934579439252336,"GO:0045637","GO:BP","regulation of myeloid cell differentiation",20972,10719,"GO:0030099,GO:1903706"
"query_1",TRUE,0.0377313249630892,5510,1028,307,0.29863813229572,0.0557168784029038,"GO:0048523","GO:BP","negative regulation of cellular process",20972,11957,"GO:0009987,GO:0048519,GO:0050794"
"query_1",TRUE,0.0377313249630892,1449,1028,93,0.0904669260700389,0.0641821946169772,"GO:0010648","GO:BP","negative regulation of cell communication",20972,4107,"GO:0007154,GO:0010646,GO:0048523"
"query_1",TRUE,0.0377450097532015,512,1028,39,0.0379377431906615,0.076171875,"GO:0043065","GO:BP","positive regulation of apoptotic process",20972,9848,"GO:0006915,GO:0042981,GO:0043068"
"query_1",TRUE,0.037939512497008,143,1028,15,0.014591439688716,0.104895104895105,"GO:1903038","GO:BP","negative regulation of leukocyte cell-cell adhesion",20972,21141,"GO:0007159,GO:0022408,GO:1903037"
"query_1",TRUE,0.0380525313140288,23,1028,5,0.00486381322957198,0.217391304347826,"GO:0036303","GO:BP","lymph vessel morphogenesis",20972,8931,"GO:0001945,GO:0009653"
"query_1",TRUE,0.0380525313140288,23,1028,5,0.00486381322957198,0.217391304347826,"GO:2000810","GO:BP","regulation of bicellular tight junction assembly",20972,24157,"GO:0070830,GO:1901888"
"query_1",TRUE,0.0380525313140288,23,1028,5,0.00486381322957198,0.217391304347826,"GO:1903672","GO:BP","positive regulation of sprouting angiogenesis",20972,21565,"GO:0002040,GO:0045766,GO:1903670"
"query_1",TRUE,0.0380525313140288,23,1028,5,0.00486381322957198,0.217391304347826,"GO:0010878","GO:BP","cholesterol storage",20972,4257,"GO:0019915"
"query_1",TRUE,0.0385098755529104,352,1028,29,0.0282101167315175,0.0823863636363636,"GO:0016042","GO:BP","lipid catabolic process",20972,4834,"GO:0006629,GO:0009056"
"query_1",TRUE,0.0390240044702971,215,1028,20,0.0194552529182879,0.0930232558139535,"GO:0060348","GO:BP","bone development",20972,13568,"GO:0001501,GO:0048513"
"query_1",TRUE,0.0392330845598689,186,1028,18,0.0175097276264591,0.0967741935483871,"GO:0043270","GO:BP","positive regulation of monoatomic ion transport",20972,9926,"GO:0006811,GO:0043269,GO:0051050"
"query_1",TRUE,0.0392944235554668,78,1028,10,0.00972762645914397,0.128205128205128,"GO:0015986","GO:BP","proton motive force-driven ATP synthesis",20972,4820,"GO:0006754"
"query_1",TRUE,0.0392944235554668,78,1028,10,0.00972762645914397,0.128205128205128,"GO:0072678","GO:BP","T cell migration",20972,16316,"GO:0072676"
"query_1",TRUE,0.0394922145175732,306,1028,26,0.0252918287937743,0.0849673202614379,"GO:0043491","GO:BP","phosphatidylinositol 3-kinase/protein kinase B signal transduction",20972,10057,"GO:0141124"
"query_1",TRUE,0.0401454952030856,133,561,17,0.0303030303030303,0.12781954887218,"KEGG:04270","KEGG","Vascular smooth muscle contraction",8716,307,"KEGG:00000"
"query_1",TRUE,0.0403423893897154,401,1028,32,0.0311284046692607,0.0798004987531172,"GO:0007005","GO:BP","mitochondrion organization",20972,2484,"GO:0006996"
"query_1",TRUE,0.0403423893897154,531,1028,40,0.0389105058365759,0.0753295668549906,"GO:0051493","GO:BP","regulation of cytoskeleton organization",20972,12835,"GO:0007010,GO:0033043"
"query_1",TRUE,0.0404311769077935,33,1028,6,0.00583657587548638,0.181818181818182,"GO:0097205","GO:BP","renal filtration",20972,17319,"GO:0003014"
"query_1",TRUE,0.0404311769077935,33,1028,6,0.00583657587548638,0.181818181818182,"GO:0048333","GO:BP","mesodermal cell differentiation",20972,11825,"GO:0001707,GO:0030154"
"query_1",TRUE,0.0404311769077935,33,1028,6,0.00583657587548638,0.181818181818182,"GO:0007435","GO:BP","salivary gland morphogenesis",20972,2794,"GO:0007431,GO:0022612"
"query_1",TRUE,0.0404311769077935,33,1028,6,0.00583657587548638,0.181818181818182,"GO:0030947","GO:BP","regulation of vascular endothelial growth factor receptor signaling pathway",20972,6522,"GO:0009966,GO:0048010,GO:0090287"
"query_1",TRUE,0.0405588507681918,91,1028,11,0.0107003891050584,0.120879120879121,"GO:0032945","GO:BP","negative regulation of mononuclear cell proliferation",20972,7418,"GO:0032943,GO:0032944,GO:0070664"
"query_1",TRUE,0.041225314485532,263,664,28,0.0421686746987952,0.106463878326996,"REAC:R-HSA-913531","REAC","Interferon Signaling",11056,1278,"REAC:R-HSA-1280215"
"query_1",TRUE,0.0415811909455957,292,1028,25,0.0243190661478599,0.0856164383561644,"GO:0009060","GO:BP","aerobic respiration",20972,3096,"GO:0045333"
"query_1",TRUE,0.0419152209109296,15,1028,4,0.00389105058365759,0.266666666666667,"GO:2001028","GO:BP","positive regulation of endothelial cell chemotaxis",20972,24339,"GO:0010595,GO:0035767,GO:0050921,GO:2001026"
"query_1",TRUE,0.0419152209109296,15,1028,4,0.00389105058365759,0.266666666666667,"GO:0002468","GO:BP","dendritic cell antigen processing and presentation",20972,949,"GO:0019882"
"query_1",TRUE,0.0419152209109296,15,1028,4,0.00389105058365759,0.266666666666667,"GO:0042159","GO:BP","lipoprotein catabolic process",20972,9355,"GO:0030163,GO:0042157"
"query_1",TRUE,0.0419152209109296,15,1028,4,0.00389105058365759,0.266666666666667,"GO:0002428","GO:BP","antigen processing and presentation of peptide antigen via MHC class Ib",20972,910,"GO:0002475,GO:0048002"
"query_1",TRUE,0.0419152209109296,15,1028,4,0.00389105058365759,0.266666666666667,"GO:1901163","GO:BP","regulation of trophoblast cell migration",20972,19894,"GO:0030334,GO:0061450"
"query_1",TRUE,0.0419649774389722,145,1028,15,0.014591439688716,0.103448275862069,"GO:0006986","GO:BP","response to unfolded protein",20972,2475,"GO:0035966"
"query_1",TRUE,0.042218696290327,308,1028,26,0.0252918287937743,0.0844155844155844,"GO:0002263","GO:BP","cell activation involved in immune response",20972,771,"GO:0001775,GO:0002252,GO:0006955"
"query_1",TRUE,0.0422703709494813,262,1028,23,0.0223735408560311,0.0877862595419847,"GO:0110053","GO:BP","regulation of actin filament organization",20972,18115,"GO:0007015,GO:0032956,GO:1902903"
"query_1",TRUE,0.0423365236391288,435,1028,34,0.0330739299610895,0.0781609195402299,"GO:0050673","GO:BP","epithelial cell proliferation",20972,12348,"GO:0008283"
"query_1",TRUE,0.04267172843778,118,1028,13,0.0126459143968872,0.110169491525424,"GO:0009201","GO:BP","ribonucleoside triphosphate biosynthetic process",20972,3213,"GO:0009142"
"query_1",TRUE,0.0427181799336077,600,1028,44,0.0428015564202335,0.0733333333333333,"GO:0071396","GO:BP","cellular response to lipid",20972,15512,"GO:0033993,GO:0070887"
"query_1",TRUE,0.0427243708574879,274,561,29,0.0516934046345811,0.105839416058394,"KEGG:05020","KEGG","Prion disease",8716,432,"KEGG:00000"
"query_1",TRUE,0.042790449565215,399,561,39,0.0695187165775401,0.0977443609022556,"KEGG:04519","KEGG","Cadherin signaling",8716,328,"KEGG:00000"
"query_1",TRUE,0.0432677779929665,92,1028,11,0.0107003891050584,0.119565217391304,"GO:0032642","GO:BP","regulation of chemokine production",20972,7193,"GO:0001817,GO:0032602"
"query_1",TRUE,0.0432677779929665,92,1028,11,0.0107003891050584,0.119565217391304,"GO:0032602","GO:BP","chemokine production",20972,7154,"GO:0001816"
"query_1",TRUE,0.0432677779929665,340,1028,28,0.0272373540856031,0.0823529411764706,"GO:0006936","GO:BP","muscle contraction",20972,2444,"GO:0003012"
"query_1",TRUE,0.0432677779929665,92,1028,11,0.0107003891050584,0.119565217391304,"GO:0019646","GO:BP","aerobic electron transport chain",20972,5570,"GO:0006119,GO:0009060,GO:0022904"
"query_1",TRUE,0.0434594437867971,174,1028,17,0.0165369649805447,0.0977011494252874,"GO:0008286","GO:BP","insulin receptor signaling pathway",20972,3013,"GO:0007169,GO:0032869"
"query_1",TRUE,0.0435122766150807,309,1028,26,0.0252918287937743,0.0841423948220065,"GO:0001934","GO:BP","positive regulation of protein phosphorylation",20972,535,"GO:0001932,GO:0006468,GO:0031401,GO:0042327"
"query_1",TRUE,0.0435896475094906,132,1028,14,0.0136186770428016,0.106060606060606,"GO:0050868","GO:BP","negative regulation of T cell activation",20972,12453,"GO:0042110,GO:0050863,GO:0051250,GO:1903038"
"query_1",TRUE,0.0436540117114544,8,1028,3,0.00291828793774319,0.375,"GO:0060836","GO:BP","lymphatic endothelial cell differentiation",20972,13938,"GO:0001945,GO:0045446"
"query_1",TRUE,0.0436540117114544,8,1028,3,0.00291828793774319,0.375,"GO:2000601","GO:BP","positive regulation of Arp2/3 complex-mediated actin nucleation",20972,24003,"GO:0034314,GO:0034315,GO:0051127"
"query_1",TRUE,0.0436540117114544,146,1028,15,0.014591439688716,0.102739726027397,"GO:0006119","GO:BP","oxidative phosphorylation",20972,1875,"GO:0009060"
"query_1",TRUE,0.0436540117114544,686,1028,49,0.0476653696498054,0.0714285714285714,"GO:0008285","GO:BP","negative regulation of cell population proliferation",20972,3012,"GO:0008283,GO:0042127,GO:0048523"
"query_1",TRUE,0.0436540117114544,24,1028,5,0.00486381322957198,0.208333333333333,"GO:0051894","GO:BP","positive regulation of focal adhesion assembly",20972,13046,"GO:0001954,GO:0048041,GO:0051893,GO:0150117,GO:1901890"
"query_1",TRUE,0.0436540117114544,8,1028,3,0.00291828793774319,0.375,"GO:0009193","GO:BP","pyrimidine ribonucleoside diphosphate metabolic process",20972,3206,"GO:0009138,GO:0009185"
"query_1",TRUE,0.0436540117114544,248,1028,22,0.0214007782101167,0.0887096774193548,"GO:1901136","GO:BP","carbohydrate derivative catabolic process",20972,19877,"GO:0009056,GO:1901135"
"query_1",TRUE,0.0436540117114544,8,1028,3,0.00291828793774319,0.375,"GO:0017185","GO:BP","peptidyl-lysine hydroxylation",20972,5038,"GO:0018126,GO:0018205"
"query_1",TRUE,0.0436540117114544,8,1028,3,0.00291828793774319,0.375,"GO:0030854","GO:BP","positive regulation of granulocyte differentiation",20972,6490,"GO:0002763,GO:0030851,GO:0030852"
"query_1",TRUE,0.0436540117114544,8,1028,3,0.00291828793774319,0.375,"GO:0021888","GO:BP","hypothalamus gonadotrophin-releasing hormone neuron development",20972,6028,"GO:0021884,GO:0021886"
"query_1",TRUE,0.0436540117114544,8,1028,3,0.00291828793774319,0.375,"GO:0021886","GO:BP","hypothalamus gonadotrophin-releasing hormone neuron differentiation",20972,6026,"GO:0021979"
"query_1",TRUE,0.0436540117114544,24,1028,5,0.00486381322957198,0.208333333333333,"GO:0002043","GO:BP","blood vessel endothelial cell proliferation involved in sprouting angiogenesis",20972,626,"GO:0001935,GO:0002040"
"query_1",TRUE,0.0436540117114544,8,1028,3,0.00291828793774319,0.375,"GO:0046469","GO:BP","platelet activating factor metabolic process",20972,11348,"GO:0006650,GO:0046485"
"query_1",TRUE,0.0436540117114544,8,1028,3,0.00291828793774319,0.375,"GO:0048050","GO:BP","post-embryonic eye morphogenesis",20972,11640,"GO:0048592"
"query_1",TRUE,0.0436540117114544,8,1028,3,0.00291828793774319,0.375,"GO:0046048","GO:BP","UDP metabolic process",20972,11044,"GO:0009193,GO:0009218"
"query_1",TRUE,0.0436540117114544,24,1028,5,0.00486381322957198,0.208333333333333,"GO:0046697","GO:BP","decidualization",20972,11487,"GO:0001893,GO:0003006,GO:0009888"
"query_1",TRUE,0.0436540117114544,24,1028,5,0.00486381322957198,0.208333333333333,"GO:0002483","GO:BP","antigen processing and presentation of endogenous peptide antigen",20972,964,"GO:0019883,GO:0048002"
"query_1",TRUE,0.0437686472384969,24,664,6,0.00903614457831325,0.25,"REAC:R-HSA-400685","REAC","Sema4D in semaphorin signaling",11056,2287,"REAC:R-HSA-373755"
"query_1",TRUE,0.043852059685613,189,1028,18,0.0175097276264591,0.0952380952380952,"GO:1902600","GO:BP","proton transmembrane transport",20972,20838,"GO:0098655"
"query_1",TRUE,0.0439807104730901,204,561,23,0.0409982174688057,0.112745098039216,"KEGG:05415","KEGG","Diabetic cardiomyopathy",8716,508,"KEGG:00000"
"query_1",TRUE,0.0439807104730901,300,561,31,0.0552584670231729,0.103333333333333,"KEGG:04010","KEGG","MAPK signaling pathway",8716,250,"KEGG:00000"
"query_1",TRUE,0.0449326697788986,326,1028,27,0.0262645914396887,0.0828220858895705,"GO:0070588","GO:BP","calcium ion transmembrane transport",20972,15076,"GO:0006816,GO:0098655"
"query_1",TRUE,0.0449326697788986,326,1028,27,0.0262645914396887,0.0828220858895705,"GO:0032496","GO:BP","response to lipopolysaccharide",20972,7112,"GO:0002237,GO:0033993,GO:1901700"
"query_1",TRUE,0.0449326697788986,34,1028,6,0.00583657587548638,0.176470588235294,"GO:0010574","GO:BP","regulation of vascular endothelial growth factor production",20972,4041,"GO:0001817,GO:0010573"
"query_1",TRUE,0.045030428905797,125,561,16,0.0285204991087344,0.128,"KEGG:04611","KEGG","Platelet activation",8716,334,"KEGG:00000"
"query_1",TRUE,0.0450906622095777,69,664,11,0.016566265060241,0.159420289855072,"REAC:R-HSA-2168880","REAC","Scavenging of heme from plasma",11056,2280,"REAC:R-HSA-2173782"
"query_1",TRUE,0.0451923207608502,56,1028,8,0.00778210116731518,0.142857142857143,"GO:0070613","GO:BP","regulation of protein processing",20972,15092,"GO:0016485,GO:0030162,GO:1903317"
"query_1",TRUE,0.045388256861924,161,1028,16,0.0155642023346304,0.0993788819875776,"GO:0051345","GO:BP","positive regulation of hydrolase activity",20972,12766,"GO:0043085,GO:0051336"
"query_1",TRUE,0.045388256861924,93,1028,11,0.0107003891050584,0.118279569892473,"GO:0003073","GO:BP","regulation of systemic arterial blood pressure",20972,1472,"GO:0008217"
"query_1",TRUE,0.045388256861924,93,1028,11,0.0107003891050584,0.118279569892473,"GO:0048704","GO:BP","embryonic skeletal system morphogenesis",20972,12111,"GO:0048562,GO:0048705,GO:0048706"
"query_1",TRUE,0.045388256861924,93,1028,11,0.0107003891050584,0.118279569892473,"GO:0032651","GO:BP","regulation of interleukin-1 beta production",20972,7202,"GO:0032611,GO:0032652"
"query_1",TRUE,0.045388256861924,93,1028,11,0.0107003891050584,0.118279569892473,"GO:0032611","GO:BP","interleukin-1 beta production",20972,7163,"GO:0032612"
"query_1",TRUE,0.0454859874583053,147,1028,15,0.014591439688716,0.102040816326531,"GO:0008064","GO:BP","regulation of actin polymerization or depolymerization",20972,2973,"GO:0008154,GO:0030832,GO:0110053"
"query_1",TRUE,0.0454870290116053,68,1028,9,0.00875486381322957,0.132352941176471,"GO:0030225","GO:BP","macrophage differentiation",20972,6294,"GO:0002573,GO:1903131"
"query_1",TRUE,0.0456740018397673,190,1028,18,0.0175097276264591,0.0947368421052632,"GO:0033002","GO:BP","muscle cell proliferation",20972,7457,"GO:0008283"
"query_1",TRUE,0.045949069105134,604,1028,44,0.0428015564202335,0.0728476821192053,"GO:0032787","GO:BP","monocarboxylic acid metabolic process",20972,7321,"GO:0019752"
"query_1",TRUE,0.0462947196926485,45,1028,7,0.00680933852140078,0.155555555555556,"GO:0006953","GO:BP","acute-phase response",20972,2453,"GO:0002526"
"query_1",TRUE,0.0462947196926485,45,1028,7,0.00680933852140078,0.155555555555556,"GO:0050919","GO:BP","negative chemotaxis",20972,12498,"GO:0006935"
"query_1",TRUE,0.0462947196926485,45,1028,7,0.00680933852140078,0.155555555555556,"GO:0001974","GO:BP","blood vessel remodeling",20972,566,"GO:0048771"
"query_1",TRUE,0.0462947196926485,45,1028,7,0.00680933852140078,0.155555555555556,"GO:0032309","GO:BP","icosanoid secretion",20972,6993,"GO:0046903,GO:0071715"
"query_1",TRUE,0.0463512660351358,104,561,14,0.0249554367201426,0.134615384615385,"KEGG:05414","KEGG","Dilated cardiomyopathy",8716,507,"KEGG:00000"
"query_1",TRUE,0.04729364353089,281,1028,24,0.0233463035019455,0.0854092526690391,"GO:0051258","GO:BP","protein polymerization",20972,12707,"GO:0065003"
"query_1",TRUE,0.047713764434066,191,1028,18,0.0175097276264591,0.0942408376963351,"GO:0060538","GO:BP","skeletal muscle organ development",20972,13722,"GO:0007517"
"query_1",TRUE,0.047713764434066,81,1028,10,0.00972762645914397,0.123456790123457,"GO:0033273","GO:BP","response to vitamin",20972,7579,"GO:0007584"
"query_1",TRUE,0.047713764434066,81,1028,10,0.00972762645914397,0.123456790123457,"GO:0007193","GO:BP","adenylate cyclase-inhibiting G protein-coupled receptor signaling pathway",20972,2616,"GO:0007188"
"query_1",TRUE,0.0477535448797946,148,1028,15,0.014591439688716,0.101351351351351,"GO:0032946","GO:BP","positive regulation of mononuclear cell proliferation",20972,7419,"GO:0032943,GO:0032944,GO:0070665"
"query_1",TRUE,0.0478718980696738,424,1028,33,0.0321011673151751,0.0778301886792453,"GO:0001503","GO:BP","ossification",20972,308,"GO:0032501"
"query_1",TRUE,0.0483810708956579,94,1028,11,0.0107003891050584,0.117021276595745,"GO:1901222","GO:BP","regulation of non-canonical NF-kappaB signal transduction",20972,19933,"GO:0038061,GO:1902531"
"query_1",TRUE,0.0485491137375163,236,1028,21,0.0204280155642023,0.0889830508474576,"GO:0001649","GO:BP","osteoblast differentiation",20972,354,"GO:0001503,GO:0030154"
"query_1",TRUE,0.0491014978690396,57,1028,8,0.00778210116731518,0.140350877192982,"GO:0032371","GO:BP","regulation of sterol transport",20972,7037,"GO:0015918,GO:0032368"
"query_1",TRUE,0.0491014978690396,57,1028,8,0.00778210116731518,0.140350877192982,"GO:0032374","GO:BP","regulation of cholesterol transport",20972,7040,"GO:0030301,GO:0032371"
"query_1",TRUE,0.0495586154660994,121,1028,13,0.0126459143968872,0.107438016528926,"GO:0038061","GO:BP","non-canonical NF-kappaB signal transduction",20972,9056,"GO:0141124"
"query_1",TRUE,0.0497753257529246,252,1028,22,0.0214007782101167,0.0873015873015873,"GO:0048762","GO:BP","mesenchymal cell differentiation",20972,12163,"GO:0030154,GO:0060485"
"query_1",TRUE,0.0497753257529246,16,1028,4,0.00389105058365759,0.25,"GO:1903729","GO:BP","regulation of plasma membrane organization",20972,21612,"GO:0007009,GO:0051128"
"query_1",TRUE,0.0497753257529246,16,1028,4,0.00389105058365759,0.25,"GO:0072531","GO:BP","pyrimidine-containing compound transmembrane transport",20972,16255,"GO:0055085,GO:0071705"
"query_1",TRUE,0.0497753257529246,192,1028,18,0.0175097276264591,0.09375,"GO:0001764","GO:BP","neuron migration",20972,417,"GO:0016477,GO:0048699"
"query_1",TRUE,0.0497753257529246,16,1028,4,0.00389105058365759,0.25,"GO:0001771","GO:BP","immunological synapse formation",20972,424,"GO:0009988,GO:0046649"
"query_1",TRUE,0.0497753257529246,16,1028,4,0.00389105058365759,0.25,"GO:0032310","GO:BP","prostaglandin secretion",20972,6994,"GO:0015732,GO:0023061,GO:0032309,GO:0140353"
"query_1",TRUE,0.0497753257529246,16,1028,4,0.00389105058365759,0.25,"GO:0060841","GO:BP","venous blood vessel development",20972,13943,"GO:0001568"
"query_1",TRUE,0.0497753257529246,16,1028,4,0.00389105058365759,0.25,"GO:1905906","GO:BP","regulation of amyloid fibril formation",20972,23171,"GO:0051246,GO:1902903,GO:1990000"
"query_1",TRUE,0.0497753257529246,16,1028,4,0.00389105058365759,0.25,"GO:0072378","GO:BP","blood coagulation, fibrin clot formation",20972,16202,"GO:0007596,GO:0072376"
"query_1",TRUE,0.0497753257529246,252,1028,22,0.0214007782101167,0.0873015873015873,"GO:0032869","GO:BP","cellular response to insulin stimulus",20972,7354,"GO:0032868,GO:0071375"
"query_1",TRUE,0.0498239859513475,25,1028,5,0.00486381322957198,0.2,"GO:0072677","GO:BP","eosinophil migration",20972,16315,"GO:0097530"
"query_1",TRUE,0.0498239859513475,25,1028,5,0.00486381322957198,0.2,"GO:0086064","GO:BP","cell communication by electrical coupling involved in cardiac conduction",20972,16731,"GO:0010644,GO:0086065"
"query_1",TRUE,0.0498239859513475,25,1028,5,0.00486381322957198,0.2,"GO:0070841","GO:BP","inclusion body assembly",20972,15208,"GO:0022607"
"query_1",TRUE,0.0498239859513475,149,1028,15,0.014591439688716,0.100671140939597,"GO:0098754","GO:BP","detoxification",20972,17633,"GO:0008150,GO:0009636"
"query_1",TRUE,0.0498239859513475,25,1028,5,0.00486381322957198,0.2,"GO:0002407","GO:BP","dendritic cell chemotaxis",20972,890,"GO:0030595,GO:0036336"
"query_1",TRUE,0.0498239859513475,25,1028,5,0.00486381322957198,0.2,"GO:0001919","GO:BP","regulation of receptor recycling",20972,521,"GO:0001881,GO:0023051,GO:0060255"
